Date Time,p (mbar),T (degC),Tpot (K),Tdew (degC),rh (%),VPmax (mbar),VPact (mbar),VPdef (mbar),sh (g/kg),H2OC (mmol/mol),rho (g/m**3),wv (m/s),max. wv (m/s),wd (deg)
2009-01-01 01:00:00,996.5,-8.05,265.38,-8.78,94.4,3.33,3.14,0.19,1.96,3.15,1307.86,0.21,0.63,192.7
2009-01-01 02:00:00,996.62,-8.88,264.54,-9.77,93.2,3.12,2.9,0.21,1.81,2.91,1312.25,0.25,0.63,190.3
2009-01-01 03:00:00,996.84,-8.81,264.59,-9.66,93.5,3.13,2.93,0.2,1.83,2.94,1312.18,0.18,0.63,167.2
2009-01-01 04:00:00,996.99,-9.05,264.34,-10.02,92.6,3.07,2.85,0.23,1.78,2.85,1313.61,0.1,0.38,240.0
2009-01-01 05:00:00,997.46,-9.63,263.72,-10.65,92.2,2.94,2.71,0.23,1.69,2.71,1317.19,0.4,0.88,157.0
2009-01-01 06:00:00,997.71,-9.67,263.66,-10.62,92.7,2.93,2.71,0.21,1.69,2.72,1317.71,0.05,0.5,146.0
2009-01-01 07:00:00,998.33,-9.17,264.12,-10.1,92.9,3.04,2.83,0.22,1.76,2.83,1315.98,2.08,2.88,348.8
2009-01-01 08:00:00,999.17,-8.1,265.12,-9.05,92.8,3.31,3.07,0.24,1.92,3.08,1311.65,0.72,1.25,213.9
2009-01-01 09:00:00,999.69,-7.66,265.52,-8.84,91.2,3.43,3.13,0.3,1.95,3.13,1310.14,0.34,0.63,202.2
2009-01-01 10:00:00,1000.27,-7.04,266.1,-8.17,91.6,3.6,3.3,0.3,2.05,3.29,1307.76,1.45,3.0,292.6
2009-01-01 11:00:00,1000.87,-7.41,265.68,-8.66,90.7,3.5,3.17,0.33,1.97,3.17,1310.43,1.91,3.38,269.6
2009-01-01 12:00:00,1000.3,-6.87,266.27,-8.28,89.6,3.64,3.27,0.38,2.03,3.26,1306.98,1.84,2.63,184.4
2009-01-01 13:00:00,1000.03,-5.89,267.27,-7.46,88.6,3.93,3.48,0.45,2.17,3.48,1301.73,0.57,1.25,187.3
2009-01-01 14:00:00,999.81,-5.94,267.24,-7.43,89.1,3.92,3.49,0.43,2.17,3.49,1301.67,1.25,2.0,144.0
2009-01-01 15:00:00,999.88,-5.69,267.48,-7.0,90.4,3.99,3.61,0.38,2.25,3.61,1300.51,1.17,1.88,134.9
2009-01-01 16:00:00,999.94,-5.4,267.76,-6.86,89.4,4.08,3.65,0.43,2.27,3.65,1299.17,1.4,2.13,145.5
2009-01-01 17:00:00,1000.17,-5.37,267.78,-6.82,89.4,4.09,3.66,0.43,2.28,3.66,1299.27,0.85,1.63,142.2
2009-01-01 18:00:00,1000.16,-5.25,267.9,-6.75,89.1,4.13,3.68,0.45,2.29,3.68,1298.68,0.55,1.0,183.7
2009-01-01 19:00:00,1000.22,-5.11,268.03,-6.57,89.4,4.17,3.73,0.44,2.32,3.73,1298.07,0.41,0.75,176.7
2009-01-01 20:00:00,1000.22,-4.9,268.24,-6.38,89.3,4.24,3.79,0.45,2.36,3.78,1297.05,0.68,1.13,195.2
2009-01-01 21:00:00,1000.19,-4.8,268.35,-6.14,90.2,4.27,3.85,0.42,2.4,3.85,1296.45,0.44,0.75,206.3
2009-01-01 22:00:00,1000.0,-4.5,268.66,-5.82,90.4,4.37,3.95,0.42,2.46,3.95,1294.72,0.33,0.63,175.7
2009-01-01 23:00:00,999.77,-4.47,268.71,-5.84,90.1,4.38,3.95,0.43,2.46,3.95,1294.29,0.65,1.0,219.3
2009-01-02 00:00:00,999.59,-4.54,268.65,-5.46,93.2,4.36,4.06,0.3,2.53,4.06,1294.33,0.41,0.88,155.0
2009-01-02 01:00:00,999.34,-4.44,268.77,-5.19,94.4,4.39,4.15,0.25,2.58,4.15,1293.47,0.28,1.0,148.1
2009-01-02 02:00:00,998.93,-4.29,268.95,-5.04,94.5,4.44,4.2,0.24,2.62,4.2,1292.22,0.49,0.88,209.8
2009-01-02 03:00:00,998.69,-4.45,268.81,-5.15,94.8,4.39,4.16,0.23,2.59,4.16,1292.69,0.65,1.0,203.3
2009-01-02 04:00:00,998.32,-4.58,268.71,-5.22,95.2,4.34,4.14,0.21,2.58,4.14,1292.83,0.77,1.38,190.2
2009-01-02 05:00:00,998.1,-4.96,268.34,-5.5,96.0,4.22,4.05,0.17,2.53,4.06,1294.44,0.79,1.25,22.22
2009-01-02 06:00:00,998.0,-4.43,268.88,-4.94,96.2,4.39,4.23,0.17,2.64,4.23,1291.66,0.81,2.13,40.88
2009-01-02 07:00:00,998.17,-4.28,269.02,-4.89,95.5,4.44,4.24,0.2,2.65,4.25,1291.15,0.53,1.13,156.4
2009-01-02 08:00:00,998.18,-4.33,268.97,-5.04,94.8,4.43,4.2,0.23,2.62,4.2,1291.44,1.64,2.38,178.7
2009-01-02 09:00:00,998.35,-4.13,269.16,-4.97,93.8,4.49,4.22,0.28,2.63,4.22,1290.68,1.32,1.88,184.5
2009-01-02 10:00:00,998.65,-3.93,269.34,-4.99,92.3,4.56,4.21,0.35,2.63,4.22,1290.1,1.83,2.25,141.7
2009-01-02 11:00:00,998.98,-3.62,269.62,-4.68,92.3,4.67,4.31,0.36,2.69,4.32,1288.99,1.21,1.63,141.5
2009-01-02 12:00:00,998.91,-3.12,270.13,-4.5,90.1,4.85,4.37,0.48,2.73,4.38,1286.47,1.54,2.0,127.0
2009-01-02 13:00:00,998.59,-2.53,270.74,-4.23,88.0,5.07,4.46,0.61,2.78,4.47,1283.22,0.92,1.5,129.4
2009-01-02 14:00:00,998.73,-2.56,270.7,-4.29,87.8,5.06,4.44,0.62,2.77,4.45,1283.56,0.73,1.25,42.4
2009-01-02 15:00:00,998.87,-2.12,271.12,-4.0,86.9,5.22,4.54,0.68,2.83,4.54,1281.64,0.47,1.0,336.3
2009-01-02 16:00:00,999.59,-2.76,270.43,-4.22,89.6,4.98,4.46,0.52,2.78,4.46,1285.63,2.91,4.13,11.99
2009-01-02 17:00:00,1000.21,-2.88,270.26,-4.43,89.0,4.94,4.39,0.54,2.74,4.39,1287.04,1.52,2.88,7.05
2009-01-02 18:00:00,1000.74,-3.07,270.03,-4.14,92.3,4.87,4.49,0.37,2.8,4.49,1288.58,2.97,4.63,12.56
2009-01-02 19:00:00,1001.27,-3.34,269.72,-4.64,90.7,4.77,4.33,0.44,2.69,4.32,1290.63,3.07,4.5,14.34
2009-01-02 20:00:00,1001.83,-3.3,269.72,-4.29,92.8,4.79,4.44,0.34,2.76,4.43,1291.08,2.89,4.0,24.28
2009-01-02 21:00:00,1002.23,-3.49,269.5,-4.61,91.9,4.72,4.34,0.38,2.69,4.33,1292.57,2.48,3.88,14.31
2009-01-02 22:00:00,1002.39,-4.02,268.96,-5.58,88.8,4.53,4.03,0.51,2.5,4.02,1295.46,3.06,4.13,23.48
2009-01-02 23:00:00,1002.52,-4.38,268.59,-5.8,89.7,4.41,3.96,0.45,2.46,3.95,1297.39,0.74,1.38,354.0
2009-01-03 00:00:00,1002.32,-4.71,268.27,-6.09,90.0,4.3,3.87,0.43,2.41,3.86,1298.79,1.42,1.88,16.85
2009-01-03 01:00:00,1002.39,-5.28,267.7,-6.35,92.1,4.12,3.79,0.33,2.36,3.78,1301.68,0.27,1.0,292.8
2009-01-03 02:00:00,1002.27,-6.23,266.76,-7.26,92.3,3.83,3.54,0.29,2.2,3.53,1306.26,0.39,1.0,279.2
2009-01-03 03:00:00,1002.15,-6.13,266.87,-7.22,91.9,3.86,3.55,0.31,2.2,3.54,1305.61,0.43,0.75,76.8
2009-01-03 04:00:00,1002.02,-6.21,266.79,-7.32,91.8,3.83,3.52,0.31,2.19,3.51,1305.89,0.77,1.5,273.2
2009-01-03 05:00:00,1001.65,-7.02,266.01,-8.1,91.9,3.6,3.31,0.29,2.06,3.31,1309.46,0.48,0.88,193.9
2009-01-03 06:00:00,1001.29,-8.2,264.86,-9.05,93.5,3.29,3.07,0.21,1.91,3.07,1314.93,0.47,1.75,221.4
2009-01-03 07:00:00,1001.17,-8.48,264.59,-9.91,89.3,3.21,2.87,0.34,1.79,2.87,1316.27,1.32,2.25,229.7
2009-01-03 08:00:00,1001.04,-9.28,263.8,-10.44,91.2,3.02,2.75,0.27,1.71,2.75,1320.15,0.85,1.75,219.7
2009-01-03 09:00:00,1000.92,-9.46,263.63,-10.69,90.7,2.98,2.7,0.28,1.68,2.7,1320.91,0.79,1.5,177.8
2009-01-03 10:00:00,1000.67,-8.53,264.58,-10.83,83.3,3.2,2.67,0.53,1.66,2.67,1315.96,1.08,1.88,167.5
2009-01-03 11:00:00,1000.04,-7.87,265.29,-9.84,85.6,3.37,2.89,0.49,1.8,2.89,1311.75,1.34,2.25,172.1
2009-01-03 12:00:00,999.02,-5.96,267.28,-8.72,80.7,3.91,3.16,0.75,1.97,3.16,1300.9,1.31,1.88,213.9
2009-01-03 13:00:00,998.3,-2.82,270.47,-7.4,70.5,4.96,3.5,1.46,2.18,3.5,1284.7,1.52,2.25,180.5
2009-01-03 14:00:00,997.53,-2.15,271.2,-7.68,65.61,5.21,3.42,1.79,2.14,3.43,1280.57,0.88,1.5,60.25
2009-01-03 15:00:00,996.91,-0.82,272.59,-9.82,50.25,5.75,2.89,2.86,1.81,2.9,1273.76,1.34,2.25,209.1
2009-01-03 16:00:00,996.25,-2.8,270.65,-12.13,48.39,4.97,2.4,2.56,1.5,2.41,1282.51,1.82,2.5,240.6
2009-01-03 17:00:00,995.76,-4.69,268.8,-12.56,53.86,4.31,2.32,1.99,1.45,2.33,1290.94,2.63,3.5,248.8
2009-01-03 18:00:00,995.48,-4.08,269.43,-11.44,56.32,4.51,2.54,1.97,1.59,2.55,1287.53,3.12,4.63,250.5
2009-01-03 19:00:00,995.44,-3.78,269.73,-10.5,59.35,4.62,2.74,1.88,1.71,2.75,1285.95,0.96,2.13,236.3
2009-01-03 20:00:00,994.94,-3.84,269.72,-9.56,64.22,4.6,2.95,1.64,1.85,2.97,1285.48,0.91,2.13,143.4
2009-01-03 21:00:00,994.3,-3.15,270.45,-8.48,66.47,4.84,3.22,1.62,2.01,3.23,1281.27,0.97,2.0,220.0
2009-01-03 22:00:00,994.06,-2.76,270.86,-7.88,67.66,4.98,3.37,1.61,2.11,3.39,1279.04,1.03,2.0,214.8
2009-01-03 23:00:00,993.28,-2.58,271.1,-7.05,71.2,5.05,3.59,1.45,2.25,3.62,1277.07,1.6,4.25,237.7
2009-01-04 00:00:00,992.93,-1.9,271.81,-6.39,71.2,5.31,3.78,1.53,2.37,3.81,1273.31,1.47,2.5,147.6
2009-01-04 01:00:00,992.19,-1.42,272.35,-5.61,73.0,5.5,4.02,1.49,2.52,4.05,1270.01,2.77,4.75,232.1
2009-01-04 02:00:00,991.76,-2.22,271.58,-3.61,90.1,5.19,4.67,0.51,2.94,4.71,1272.89,1.82,4.75,201.9
2009-01-04 03:00:00,991.26,-2.2,271.64,-3.52,90.6,5.2,4.71,0.49,2.96,4.75,1272.12,0.87,1.88,94.4
2009-01-04 04:00:00,990.83,-1.88,272.0,-3.29,90.0,5.32,4.79,0.53,3.01,4.83,1270.02,0.62,1.75,167.3
2009-01-04 05:00:00,990.37,-1.64,272.28,-2.87,91.2,5.42,4.94,0.48,3.11,4.99,1268.23,1.31,3.13,215.4
2009-01-04 06:00:00,989.99,-1.44,272.5,-2.66,91.3,5.5,5.02,0.48,3.16,5.07,1266.78,1.0,2.38,200.9
2009-01-04 07:00:00,989.9,-1.09,272.86,-2.65,89.1,5.64,5.02,0.61,3.16,5.08,1265.04,2.75,5.75,246.8
2009-01-04 08:00:00,989.92,-0.89,273.06,-2.45,89.1,5.72,5.1,0.62,3.21,5.15,1264.12,2.93,5.0,242.6
2009-01-04 09:00:00,989.95,-0.72,273.23,-2.73,86.2,5.79,4.99,0.8,3.14,5.04,1263.42,1.7,3.88,254.0
2009-01-04 10:00:00,989.86,-1.37,272.59,-2.71,90.5,5.53,5.0,0.52,3.15,5.05,1266.28,2.59,4.5,232.9
2009-01-04 11:00:00,989.64,-1.1,272.87,-2.53,90.0,5.63,5.07,0.56,3.19,5.12,1264.75,2.38,4.5,234.6
2009-01-04 12:00:00,988.94,-1.21,272.82,-2.36,91.8,5.59,5.13,0.46,3.23,5.19,1264.3,1.99,3.88,225.8
2009-01-04 13:00:00,988.07,-1.02,273.08,-2.53,89.4,5.67,5.07,0.6,3.2,5.13,1262.35,3.08,6.5,227.6
2009-01-04 14:00:00,987.57,-0.77,273.37,-2.33,89.1,5.77,5.14,0.63,3.25,5.21,1260.53,1.5,2.88,229.6
2009-01-04 15:00:00,987.03,-0.7,273.48,-2.52,87.4,5.8,5.07,0.73,3.2,5.14,1259.56,0.61,1.88,249.1
2009-01-04 16:00:00,986.69,-1.05,273.15,-2.7,88.5,5.65,5.0,0.65,3.16,5.07,1260.77,1.03,2.13,192.8
2009-01-04 17:00:00,986.54,-1.46,272.76,-2.77,90.7,5.49,4.98,0.51,3.14,5.05,1262.46,1.1,2.25,220.7
2009-01-04 18:00:00,986.15,-1.51,272.74,-2.73,91.3,5.47,4.99,0.48,3.16,5.06,1262.18,1.39,2.5,217.0
2009-01-04 19:00:00,985.92,-1.62,272.64,-2.73,92.1,5.42,4.99,0.43,3.16,5.07,1262.42,0.97,2.25,191.3
2009-01-04 20:00:00,985.68,-1.56,272.72,-2.66,92.2,5.45,5.02,0.42,3.17,5.09,1261.83,1.76,3.25,223.0
2009-01-04 21:00:00,985.45,-1.51,272.8,-2.51,92.8,5.47,5.08,0.39,3.21,5.15,1261.25,1.89,4.13,220.5
2009-01-04 22:00:00,985.43,-1.43,272.88,-2.31,93.7,5.5,5.15,0.35,3.26,5.23,1260.82,0.88,3.38,144.8
2009-01-04 23:00:00,985.27,-1.44,272.87,-2.35,93.5,5.49,5.14,0.36,3.25,5.21,1260.69,1.47,3.13,212.5
2009-01-05 00:00:00,985.07,-1.47,272.86,-2.45,93.0,5.48,5.1,0.38,3.23,5.18,1260.58,1.42,3.0,239.8
2009-01-05 01:00:00,984.74,-1.57,272.79,-2.58,92.8,5.44,5.05,0.39,3.2,5.13,1260.66,2.55,4.75,245.3
2009-01-05 02:00:00,984.82,-1.6,272.75,-2.71,92.1,5.43,5.0,0.43,3.17,5.08,1260.91,2.52,4.38,262.4
2009-01-05 03:00:00,985.1,-1.5,272.83,-3.34,87.2,5.47,4.77,0.7,3.02,4.84,1260.92,3.06,5.38,258.3
2009-01-05 04:00:00,985.47,-1.76,272.54,-3.32,89.0,5.37,4.78,0.59,3.02,4.85,1262.61,2.74,6.25,258.9
2009-01-05 05:00:00,985.57,-1.77,272.53,-3.45,88.2,5.36,4.73,0.63,2.99,4.8,1262.78,3.35,5.5,259.5
2009-01-05 06:00:00,985.97,-1.76,272.5,-3.48,87.9,5.37,4.72,0.65,2.98,4.79,1263.25,1.84,3.63,266.3
2009-01-05 07:00:00,986.79,-2.08,272.12,-3.82,87.8,5.24,4.6,0.64,2.91,4.66,1265.86,1.28,2.88,356.4
2009-01-05 08:00:00,987.67,-2.72,271.4,-4.37,88.3,5.0,4.41,0.58,2.78,4.47,1270.09,1.59,3.5,0.12
2009-01-05 09:00:00,988.42,-3.11,270.95,-4.35,91.1,4.85,4.42,0.43,2.79,4.47,1272.89,1.61,4.63,187.7
2009-01-05 10:00:00,989.23,-3.29,270.71,-4.55,90.9,4.79,4.35,0.44,2.74,4.4,1274.82,2.53,4.63,6.79
2009-01-05 11:00:00,989.97,-3.53,270.41,-5.11,88.7,4.7,4.17,0.53,2.63,4.21,1276.99,5.06,7.88,13.74
2009-01-05 12:00:00,990.42,-3.65,270.26,-5.54,86.6,4.66,4.04,0.62,2.54,4.08,1278.21,5.49,8.38,17.44
2009-01-05 13:00:00,990.82,-4.15,269.72,-5.84,87.9,4.49,3.94,0.54,2.48,3.98,1281.16,5.91,9.75,28.54
2009-01-05 14:00:00,991.08,-4.57,269.28,-6.05,89.3,4.35,3.88,0.47,2.44,3.92,1283.5,6.11,7.75,19.12
2009-01-05 15:00:00,991.8,-5.14,268.66,-6.54,89.8,4.16,3.74,0.42,2.35,3.77,1287.24,5.67,8.25,26.38
2009-01-05 16:00:00,992.67,-5.74,267.99,-7.36,88.2,3.98,3.51,0.47,2.2,3.53,1291.37,7.11,9.5,31.28
2009-01-05 17:00:00,993.4,-6.38,267.29,-7.95,88.5,3.79,3.35,0.44,2.1,3.37,1295.53,7.23,9.5,20.77
2009-01-05 18:00:00,994.25,-6.85,266.75,-8.55,87.6,3.65,3.2,0.45,2.0,3.22,1299.0,6.34,9.25,20.57
2009-01-05 19:00:00,994.69,-7.9,265.66,-11.46,75.4,3.36,2.54,0.83,1.59,2.55,1305.05,7.29,10.38,20.94
2009-01-05 20:00:00,995.62,-9.13,264.36,-12.71,75.0,3.05,2.29,0.76,1.43,2.3,1312.47,5.45,7.88,16.84
2009-01-05 21:00:00,996.43,-10.18,263.25,-13.51,76.4,2.81,2.15,0.66,1.34,2.15,1318.87,3.77,5.75,10.63
2009-01-05 22:00:00,996.99,-10.6,262.79,-13.95,76.2,2.72,2.07,0.65,1.29,2.08,1321.75,2.61,3.75,25.33
2009-01-05 23:00:00,997.29,-11.72,261.64,-14.57,79.2,2.48,1.97,0.52,1.23,1.97,1327.86,2.96,5.25,8.06
2009-01-06 00:00:00,997.6,-12.63,260.71,-15.07,81.8,2.31,1.89,0.42,1.18,1.89,1332.96,1.6,2.63,355.5
2009-01-06 01:00:00,997.71,-13.34,259.99,-15.46,83.9,2.18,1.83,0.35,1.14,1.83,1336.78,0.91,2.25,8.35
2009-01-06 02:00:00,997.96,-13.64,259.67,-15.63,84.8,2.12,1.8,0.32,1.12,1.8,1338.68,1.09,3.13,340.2
2009-01-06 03:00:00,998.22,-13.89,259.4,-15.8,85.3,2.08,1.77,0.31,1.11,1.78,1340.33,2.16,4.13,353.8
2009-01-06 04:00:00,998.24,-14.29,259.0,-16.03,86.5,2.01,1.74,0.27,1.09,1.74,1342.44,1.83,2.75,355.0
2009-01-06 05:00:00,998.14,-15.13,258.17,-16.75,87.3,1.88,1.64,0.24,1.02,1.64,1346.73,1.08,2.5,13.16
2009-01-06 06:00:00,998.22,-15.37,257.92,-16.73,89.2,1.84,1.64,0.2,1.02,1.64,1348.09,0.76,2.0,47.73
2009-01-06 07:00:00,998.34,-16.86,256.42,-18.39,87.8,1.62,1.43,0.2,0.89,1.43,1356.2,0.33,0.75,173.9
2009-01-06 08:00:00,998.34,-16.92,256.36,-18.4,88.1,1.61,1.42,0.19,0.89,1.43,1356.53,1.01,1.75,3.41
2009-01-06 09:00:00,998.35,-15.71,257.57,-17.25,87.8,1.79,1.57,0.22,0.98,1.57,1350.08,0.44,1.0,192.0
2009-01-06 10:00:00,998.46,-15.23,258.04,-16.85,87.3,1.86,1.63,0.24,1.01,1.63,1347.7,1.63,2.38,24.18
2009-01-06 11:00:00,998.29,-15.05,258.24,-17.04,84.6,1.89,1.6,0.29,1.0,1.6,1346.54,1.67,2.38,19.66
2009-01-06 12:00:00,997.79,-14.52,258.8,-17.02,81.1,1.97,1.6,0.37,1.0,1.61,1343.1,3.42,4.5,23.73
2009-01-06 13:00:00,997.02,-10.97,262.41,-15.17,70.9,2.64,1.87,0.77,1.17,1.88,1323.75,0.99,1.75,148.9
2009-01-06 14:00:00,996.32,-11.9,261.54,-16.1,70.7,2.45,1.73,0.72,1.08,1.74,1327.61,1.75,3.13,34.7
2009-01-06 15:00:00,996.27,-12.05,261.39,-15.83,73.2,2.42,1.77,0.65,1.11,1.78,1328.29,1.87,2.38,18.27
2009-01-06 16:00:00,996.25,-13.52,259.92,-16.37,78.9,2.14,1.69,0.45,1.06,1.7,1335.82,0.99,1.38,340.8
2009-01-06 17:00:00,996.14,-14.88,258.57,-16.79,85.2,1.92,1.63,0.28,1.02,1.64,1342.73,0.63,1.25,298.1
2009-01-06 18:00:00,995.91,-16.49,256.97,-18.34,85.4,1.67,1.43,0.24,0.89,1.44,1350.95,2.72,3.38,249.7
2009-01-06 19:00:00,995.74,-17.21,256.26,-19.01,85.7,1.58,1.35,0.23,0.84,1.36,1354.55,0.9,1.88,225.3
2009-01-06 20:00:00,995.54,-18.35,255.14,-20.16,85.5,1.43,1.22,0.21,0.76,1.23,1360.41,0.62,1.0,224.9
2009-01-06 21:00:00,995.5,-18.62,254.87,-20.34,86.1,1.4,1.2,0.19,0.75,1.21,1361.81,0.35,1.0,186.9
2009-01-06 22:00:00,995.23,-19.39,254.12,-21.34,84.3,1.31,1.1,0.21,0.69,1.11,1365.62,0.6,2.0,205.8
2009-01-06 23:00:00,994.67,-20.85,252.7,-22.62,85.5,1.15,0.98,0.17,0.62,0.99,1372.81,0.69,1.13,184.8
2009-01-07 00:00:00,994.51,-21.09,252.47,-23.01,84.3,1.13,0.95,0.18,0.59,0.95,1373.91,0.48,1.0,168.4
2009-01-07 01:00:00,994.14,-21.56,252.02,-23.54,83.8,1.08,0.91,0.18,0.57,0.91,1376.0,0.68,1.25,173.3
2009-01-07 02:00:00,993.87,-20.99,252.61,-22.73,85.7,1.14,0.97,0.16,0.61,0.98,1372.47,0.38,1.13,196.9
2009-01-07 03:00:00,993.75,-22.76,250.85,-24.8,83.2,0.97,0.81,0.16,0.51,0.81,1382.1,1.83,2.75,154.1
2009-01-07 04:00:00,993.36,-22.39,251.25,-24.39,83.5,1.0,0.84,0.17,0.52,0.84,1379.5,1.1,2.13,181.6
2009-01-07 05:00:00,992.91,-22.42,251.25,-24.46,83.2,1.0,0.83,0.17,0.52,0.84,1379.04,0.7,1.5,81.7
2009-01-07 06:00:00,992.37,-22.13,251.58,-24.14,83.5,1.03,0.86,0.17,0.54,0.86,1376.69,0.81,2.0,180.9
2009-01-07 07:00:00,992.1,-21.42,252.31,-23.41,83.7,1.09,0.92,0.18,0.57,0.92,1372.4,0.83,1.13,191.3
2009-01-07 08:00:00,992.18,-22.5,251.22,-24.55,83.1,0.99,0.83,0.17,0.52,0.83,1378.47,0.67,1.25,182.5
2009-01-07 09:00:00,992.14,-21.17,252.56,-23.29,82.8,1.12,0.93,0.19,0.58,0.93,1371.09,0.79,1.38,198.2
2009-01-07 10:00:00,992.45,-20.34,253.37,-22.44,83.1,1.2,1.0,0.2,0.63,1.01,1366.98,0.79,1.38,211.9
2009-01-07 11:00:00,992.41,-18.71,255.01,-21.02,81.8,1.39,1.13,0.25,0.71,1.14,1358.1,0.73,1.5,216.9
2009-01-07 12:00:00,992.05,-16.5,257.25,-18.64,83.3,1.67,1.39,0.28,0.87,1.41,1345.78,0.56,1.13,183.3
2009-01-07 13:00:00,991.6,-14.39,259.4,-16.39,84.6,2.0,1.69,0.31,1.06,1.7,1334.05,0.99,1.75,139.9
2009-01-07 14:00:00,991.58,-12.15,261.64,-14.63,81.6,2.4,1.96,0.44,1.23,1.97,1322.44,1.1,2.0,156.8
2009-01-07 15:00:00,991.85,-10.57,263.21,-12.38,86.4,2.72,2.35,0.37,1.48,2.37,1314.64,0.73,1.63,129.2
2009-01-07 16:00:00,992.21,-9.58,264.17,-11.12,88.4,2.95,2.61,0.34,1.64,2.63,1310.05,0.93,2.0,126.2
2009-01-07 17:00:00,992.79,-8.55,265.16,-10.15,88.1,3.2,2.82,0.38,1.77,2.84,1305.61,0.51,1.38,116.2
2009-01-07 18:00:00,993.53,-7.98,265.67,-9.52,88.6,3.34,2.96,0.38,1.86,2.98,1303.71,0.79,1.38,128.7
2009-01-07 19:00:00,994.38,-7.75,265.84,-9.58,86.6,3.4,2.95,0.46,1.85,2.96,1303.69,0.61,1.25,114.9
2009-01-07 20:00:00,995.07,-7.85,265.69,-9.36,88.8,3.38,3.0,0.38,1.88,3.01,1305.07,0.88,1.5,43.83
2009-01-07 21:00:00,996.09,-8.44,265.02,-9.57,91.5,3.22,2.95,0.27,1.84,2.96,1309.35,0.23,0.75,85.2
2009-01-07 22:00:00,997.11,-9.41,263.97,-10.27,93.4,2.99,2.79,0.2,1.74,2.8,1315.59,0.52,1.38,188.1
2009-01-07 23:00:00,997.88,-10.68,262.64,-11.74,91.8,2.7,2.48,0.22,1.55,2.48,1323.13,0.1,0.5,184.2
2009-01-08 00:00:00,998.53,-10.78,262.49,-11.88,91.5,2.68,2.45,0.23,1.53,2.45,1324.52,0.37,0.75,196.2
2009-01-08 01:00:00,999.2,-11.92,261.3,-13.19,90.2,2.44,2.2,0.24,1.37,2.21,1331.32,0.5,0.88,149.1
2009-01-08 02:00:00,1000.02,-11.64,261.52,-12.63,92.3,2.5,2.31,0.19,1.44,2.31,1330.92,0.23,0.63,175.0
2009-01-08 03:00:00,1000.98,-12.96,260.13,-14.16,90.6,2.25,2.03,0.21,1.27,2.03,1339.1,0.12,0.5,151.6
2009-01-08 04:00:00,1001.46,-12.31,260.74,-13.46,91.0,2.37,2.15,0.21,1.34,2.15,1336.35,1.27,1.88,216.6
2009-01-08 05:00:00,1001.67,-12.2,260.84,-13.6,89.2,2.39,2.13,0.26,1.32,2.13,1336.08,0.27,0.75,178.6
2009-01-08 06:00:00,1002.15,-11.4,261.6,-12.62,90.6,2.55,2.31,0.24,1.43,2.3,1332.54,0.34,0.75,212.0
2009-01-08 07:00:00,1002.52,-10.9,262.07,-12.22,89.9,2.65,2.39,0.27,1.48,2.38,1330.45,0.3,0.63,173.9
2009-01-08 08:00:00,1003.33,-10.01,262.9,-11.49,88.8,2.85,2.53,0.32,1.57,2.52,1326.96,0.39,0.75,204.7
2009-01-08 09:00:00,1003.95,-10.04,262.82,-11.4,89.7,2.84,2.55,0.29,1.58,2.54,1327.92,0.55,1.0,204.6
2009-01-08 10:00:00,1004.31,-8.07,264.76,-10.1,85.2,3.32,2.83,0.49,1.75,2.82,1318.38,0.33,0.75,190.1
2009-01-08 11:00:00,1004.6,-6.53,266.28,-10.0,76.2,3.74,2.85,0.89,1.77,2.84,1311.16,1.35,1.88,134.8
2009-01-08 12:00:00,1004.33,-6.84,265.99,-9.69,80.0,3.65,2.92,0.73,1.81,2.91,1312.26,2.13,3.5,146.3
2009-01-08 13:00:00,1004.23,-4.27,268.57,-7.94,75.4,4.45,3.35,1.09,2.08,3.34,1299.39,1.49,2.38,163.5
2009-01-08 14:00:00,1003.72,-4.73,268.14,-7.75,79.3,4.29,3.41,0.89,2.11,3.39,1300.94,2.61,3.63,152.8
2009-01-08 15:00:00,1003.44,-4.27,268.62,-7.59,77.5,4.45,3.45,1.0,2.14,3.43,1298.34,1.39,2.13,169.5
2009-01-08 16:00:00,1003.52,-4.97,267.92,-7.78,80.5,4.22,3.4,0.82,2.11,3.38,1301.83,0.39,1.13,104.1
2009-01-08 17:00:00,1003.61,-7.77,265.12,-8.99,90.9,3.4,3.09,0.31,1.92,3.08,1315.85,0.86,1.25,243.8
2009-01-08 18:00:00,1003.85,-8.65,264.22,-9.65,92.4,3.17,2.93,0.24,1.82,2.92,1320.61,0.55,0.88,216.7
2009-01-08 19:00:00,1003.87,-10.23,262.64,-11.32,91.6,2.8,2.56,0.24,1.59,2.55,1328.76,0.61,1.13,194.3
2009-01-08 20:00:00,1004.01,-10.67,262.19,-11.73,91.8,2.7,2.48,0.22,1.54,2.47,1331.22,0.25,0.63,84.9
2009-01-08 21:00:00,1004.11,-11.59,261.26,-12.86,90.2,2.51,2.26,0.25,1.4,2.25,1336.14,1.09,1.5,217.5
2009-01-08 22:00:00,1004.11,-12.1,260.75,-13.23,91.2,2.41,2.2,0.21,1.36,2.19,1338.78,0.48,0.75,153.6
2009-01-08 23:00:00,1003.88,-13.25,259.62,-14.29,91.8,2.19,2.01,0.18,1.25,2.01,1344.5,1.22,1.88,156.1
2009-01-09 00:00:00,1003.66,-13.91,258.98,-15.06,90.9,2.08,1.89,0.19,1.17,1.88,1347.69,1.0,1.5,217.9
2009-01-09 01:00:00,1003.36,-14.46,258.45,-15.71,90.1,1.98,1.79,0.2,1.11,1.78,1350.2,0.38,0.75,175.8
2009-01-09 02:00:00,1003.48,-15.15,257.75,-16.45,89.7,1.87,1.68,0.19,1.04,1.68,1354.02,0.35,0.75,133.3
2009-01-09 03:00:00,1003.5,-15.74,257.16,-17.16,88.7,1.78,1.58,0.2,0.98,1.58,1357.2,0.61,1.0,151.1
2009-01-09 04:00:00,1003.25,-16.29,256.63,-17.74,88.4,1.7,1.51,0.2,0.93,1.5,1359.81,0.23,0.5,190.2
2009-01-09 05:00:00,1003.13,-16.65,256.28,-18.14,88.1,1.65,1.46,0.2,0.9,1.45,1361.58,0.38,0.88,151.4
2009-01-09 06:00:00,1003.12,-16.64,256.29,-18.22,87.4,1.65,1.45,0.21,0.9,1.44,1361.52,0.81,1.25,162.6
2009-01-09 07:00:00,1003.25,-16.29,256.63,-17.74,88.4,1.7,1.51,0.2,0.93,1.5,1359.81,0.22,0.5,86.5
2009-01-09 08:00:00,1003.1,-17.02,255.91,-18.54,87.8,1.6,1.41,0.2,0.87,1.4,1363.53,0.21,0.75,169.9
2009-01-09 09:00:00,1003.32,-16.18,256.74,-17.85,86.8,1.72,1.49,0.23,0.93,1.49,1359.33,1.05,2.5,149.6
2009-01-09 10:00:00,1003.85,-15.23,257.65,-16.86,87.2,1.86,1.62,0.24,1.01,1.62,1354.98,0.9,1.75,143.3
2009-01-09 11:00:00,1003.87,-12.89,259.98,-14.86,85.0,2.26,1.92,0.34,1.19,1.91,1342.66,0.84,1.25,210.3
2009-01-09 12:00:00,1003.27,-10.47,262.45,-13.24,79.9,2.75,2.19,0.55,1.36,2.19,1329.36,0.91,2.0,155.6
2009-01-09 13:00:00,1002.79,-6.43,266.52,-11.54,66.82,3.77,2.52,1.25,1.56,2.51,1308.43,0.68,1.63,212.8
2009-01-09 14:00:00,1002.18,-4.91,268.09,-11.27,60.78,4.24,2.58,1.66,1.6,2.57,1300.19,1.03,2.0,202.1
2009-01-09 15:00:00,1002.12,-3.69,269.31,-10.28,59.98,4.65,2.79,1.86,1.73,2.78,1294.12,1.05,1.63,206.2
2009-01-09 16:00:00,1002.2,-4.75,268.24,-10.28,65.01,4.29,2.79,1.5,1.73,2.78,1299.37,0.41,0.88,154.5
2009-01-09 17:00:00,1002.49,-8.27,264.7,-11.11,79.8,3.27,2.61,0.66,1.62,2.6,1317.1,0.2,0.88,62.01
2009-01-09 18:00:00,1002.76,-9.15,263.8,-11.04,86.0,3.05,2.62,0.43,1.63,2.62,1321.84,1.09,1.88,198.4
2009-01-09 19:00:00,1002.82,-10.47,262.48,-12.11,87.6,2.75,2.41,0.34,1.49,2.4,1328.66,0.65,1.25,139.4
2009-01-09 20:00:00,1002.88,-11.93,261.01,-13.39,88.8,2.44,2.17,0.27,1.35,2.16,1336.29,0.88,1.25,174.6
2009-01-09 21:00:00,1003.24,-11.73,261.19,-12.88,91.1,2.48,2.26,0.22,1.4,2.25,1335.69,0.55,1.0,111.5
2009-01-09 22:00:00,1003.62,-12.27,260.62,-13.45,90.8,2.38,2.16,0.22,1.34,2.15,1339.02,0.39,0.88,141.5
2009-01-09 23:00:00,1003.73,-12.67,260.21,-13.9,90.4,2.3,2.08,0.22,1.29,2.07,1341.27,0.76,1.25,205.7
2009-01-10 00:00:00,1003.63,-13.24,259.65,-14.57,89.6,2.19,1.97,0.23,1.22,1.96,1344.13,0.49,1.0,172.1
2009-01-10 01:00:00,1003.55,-13.86,259.04,-15.13,90.0,2.09,1.88,0.21,1.16,1.87,1347.28,0.97,1.75,202.8
2009-01-10 02:00:00,1003.6,-14.52,258.37,-15.93,88.9,1.97,1.76,0.22,1.09,1.75,1350.85,0.7,1.5,172.4
2009-01-10 03:00:00,1003.84,-14.61,258.27,-16.06,88.6,1.96,1.74,0.22,1.08,1.73,1351.66,0.47,0.88,198.9
2009-01-10 04:00:00,1003.82,-14.59,258.29,-16.04,88.6,1.96,1.74,0.22,1.08,1.73,1351.52,0.42,1.13,146.0
2009-01-10 05:00:00,1003.55,-15.34,257.56,-16.91,87.6,1.84,1.62,0.23,1.0,1.61,1355.15,0.33,0.75,211.1
2009-01-10 06:00:00,1003.26,-15.22,257.7,-16.69,88.4,1.86,1.65,0.22,1.02,1.64,1354.12,1.08,1.38,214.6
2009-01-10 07:00:00,1003.19,-15.36,257.57,-16.85,88.2,1.84,1.62,0.22,1.01,1.62,1354.77,1.03,1.5,178.1
2009-01-10 08:00:00,1003.58,-15.46,257.44,-16.98,88.0,1.83,1.61,0.22,1.0,1.6,1355.82,1.18,2.13,186.9
2009-01-10 09:00:00,1003.89,-15.09,257.78,-17.12,84.3,1.88,1.59,0.3,0.98,1.58,1354.31,0.84,1.63,139.1
2009-01-10 10:00:00,1003.83,-12.71,260.17,-14.81,84.1,2.29,1.93,0.36,1.2,1.92,1341.68,0.57,1.13,199.9
2009-01-10 11:00:00,1003.83,-9.97,262.9,-14.01,72.1,2.86,2.06,0.8,1.28,2.05,1327.65,0.44,0.88,151.7
2009-01-10 12:00:00,1003.13,-7.48,265.44,-12.57,66.7,3.48,2.32,1.16,1.44,2.31,1314.16,0.87,1.63,169.9
2009-01-10 13:00:00,1002.51,-5.02,267.95,-11.03,62.5,4.2,2.63,1.58,1.63,2.62,1301.14,0.78,1.38,193.6
2009-01-10 14:00:00,1002.17,-3.82,269.18,-10.18,61.07,4.6,2.81,1.79,1.75,2.8,1294.8,0.67,1.0,148.1
2009-01-10 15:00:00,1002.16,-2.24,270.75,-8.99,59.67,5.18,3.09,2.09,1.92,3.08,1287.13,0.63,1.13,191.4
2009-01-10 16:00:00,1002.26,-3.16,269.83,-9.3,62.29,4.84,3.01,1.82,1.87,3.01,1291.64,0.26,0.88,168.5
2009-01-10 17:00:00,1002.18,-6.59,266.41,-10.1,75.9,3.72,2.83,0.9,1.76,2.82,1308.27,0.32,0.75,50.78
2009-01-10 18:00:00,1002.16,-7.7,265.3,-9.65,85.8,3.42,2.93,0.49,1.82,2.93,1313.68,0.11,0.38,224.9
2009-01-10 19:00:00,1002.27,-9.5,263.49,-11.03,88.5,2.97,2.63,0.34,1.63,2.62,1322.94,0.81,1.63,169.6
2009-01-10 20:00:00,1002.21,-9.44,263.55,-10.57,91.4,2.98,2.72,0.26,1.69,2.72,1322.51,1.29,2.38,178.6
2009-01-10 21:00:00,1002.27,-10.31,262.68,-11.39,91.7,2.78,2.55,0.23,1.58,2.54,1327.05,1.47,2.38,193.6
2009-01-10 22:00:00,1002.38,-11.22,261.76,-12.29,91.7,2.59,2.37,0.21,1.47,2.37,1331.89,0.73,2.0,156.9
2009-01-10 23:00:00,1002.64,-11.43,261.53,-12.43,92.2,2.54,2.34,0.2,1.46,2.34,1333.33,0.48,0.88,211.9
2009-01-11 00:00:00,1002.72,-10.75,262.21,-11.76,92.2,2.69,2.48,0.21,1.54,2.47,1329.91,0.74,1.88,109.7
2009-01-11 01:00:00,1002.78,-11.77,261.18,-13.0,90.5,2.47,2.24,0.23,1.39,2.23,1335.3,0.58,1.0,167.6
2009-01-11 02:00:00,1002.86,-11.8,261.15,-12.79,92.3,2.47,2.28,0.19,1.41,2.27,1335.54,0.59,1.13,242.3
2009-01-11 03:00:00,1003.82,-11.71,261.17,-12.8,91.5,2.49,2.27,0.21,1.41,2.27,1336.36,0.18,0.75,72.3
2009-01-11 04:00:00,1004.02,-13.18,259.68,-14.43,90.2,2.21,1.99,0.22,1.23,1.98,1344.33,0.92,1.38,125.4
2009-01-11 05:00:00,1003.84,-12.81,260.06,-13.87,91.7,2.27,2.08,0.19,1.29,2.08,1342.14,1.28,2.13,167.5
2009-01-11 06:00:00,1003.54,-12.45,260.45,-13.56,91.3,2.34,2.14,0.2,1.33,2.13,1339.85,2.51,4.25,188.1
2009-01-11 07:00:00,1003.62,-12.98,259.91,-14.19,90.5,2.24,2.03,0.21,1.26,2.02,1342.74,1.83,3.25,136.0
2009-01-11 08:00:00,1004.09,-13.4,259.46,-14.68,90.0,2.17,1.95,0.22,1.21,1.94,1345.59,0.86,2.13,191.7
2009-01-11 09:00:00,1004.55,-11.55,261.27,-12.96,89.2,2.52,2.25,0.27,1.39,2.24,1336.53,0.54,1.13,181.0
2009-01-11 10:00:00,1005.37,-10.25,262.51,-12.23,85.3,2.79,2.38,0.41,1.48,2.37,1330.94,0.61,1.25,185.6
2009-01-11 11:00:00,1005.59,-8.18,264.56,-12.11,73.1,3.29,2.41,0.89,1.49,2.39,1320.82,0.73,1.13,136.9
2009-01-11 12:00:00,1005.07,-7.12,265.66,-10.97,73.8,3.57,2.64,0.94,1.63,2.62,1314.76,1.08,2.5,160.6
2009-01-11 13:00:00,1004.38,-4.55,268.27,-9.61,67.52,4.35,2.94,1.41,1.82,2.93,1301.14,3.04,4.5,176.7
2009-01-11 14:00:00,1003.64,-2.72,270.16,-8.7,63.23,5.0,3.16,1.84,1.96,3.15,1291.27,2.95,4.13,174.2
2009-01-11 15:00:00,1003.35,-1.31,271.59,-7.65,61.86,5.55,3.43,2.12,2.13,3.42,1284.09,1.94,3.5,199.6
2009-01-11 16:00:00,1003.71,-0.33,272.54,-7.24,59.4,5.96,3.54,2.42,2.2,3.53,1279.88,0.92,1.63,216.4
2009-01-11 17:00:00,1004.22,-3.95,268.88,-7.65,75.3,4.56,3.43,1.13,2.13,3.42,1297.81,0.13,0.5,254.2
2009-01-11 18:00:00,1004.33,-5.13,267.7,-8.0,80.1,4.17,3.34,0.83,2.07,3.32,1303.68,1.52,2.38,217.6
2009-01-11 19:00:00,1004.3,-7.01,265.82,-8.65,88.0,3.61,3.17,0.43,1.97,3.16,1312.95,1.9,3.38,176.2
2009-01-11 20:00:00,1004.05,-8.27,264.58,-9.44,91.2,3.27,2.98,0.29,1.85,2.97,1318.96,1.68,2.75,174.5
2009-01-11 21:00:00,1004.11,-8.67,264.18,-9.66,92.5,3.17,2.93,0.24,1.82,2.92,1321.06,1.42,3.0,162.6
2009-01-11 22:00:00,1004.06,-8.37,264.48,-9.68,90.2,3.24,2.92,0.32,1.81,2.91,1319.5,3.58,5.25,175.6
2009-01-11 23:00:00,1003.78,-9.44,263.44,-10.8,89.7,2.98,2.67,0.31,1.66,2.66,1324.61,1.21,2.38,117.6
2009-01-12 00:00:00,1003.34,-8.96,263.95,-10.57,88.0,3.1,2.72,0.37,1.69,2.72,1321.6,2.71,4.38,174.0
2009-01-12 01:00:00,1002.67,-8.8,264.16,-10.67,86.2,3.13,2.7,0.43,1.68,2.7,1319.93,2.58,3.75,197.4
2009-01-12 02:00:00,1002.25,-8.29,264.7,-10.29,85.4,3.26,2.79,0.48,1.73,2.78,1316.79,2.73,4.0,201.5
2009-01-12 03:00:00,1002.1,-8.75,264.25,-10.61,86.3,3.15,2.72,0.43,1.69,2.71,1318.91,2.62,4.63,186.4
2009-01-12 04:00:00,1001.83,-9.6,263.42,-11.17,88.2,2.94,2.6,0.35,1.61,2.59,1322.87,2.99,4.13,193.7
2009-01-12 05:00:00,1001.45,-10.37,262.68,-12.02,87.6,2.77,2.42,0.34,1.51,2.42,1326.33,3.17,4.25,183.2
2009-01-12 06:00:00,1001.04,-10.76,262.32,-12.27,88.5,2.68,2.37,0.31,1.48,2.37,1327.79,3.0,4.0,197.5
2009-01-12 07:00:00,1000.75,-9.66,263.44,-11.66,85.2,2.93,2.5,0.43,1.55,2.49,1321.8,2.41,3.38,210.0
2009-01-12 08:00:00,1000.7,-9.34,263.77,-11.52,84.0,3.0,2.52,0.48,1.57,2.52,1320.11,2.68,3.38,204.4
2009-01-12 09:00:00,1000.43,-8.68,264.45,-11.17,82.0,3.16,2.6,0.57,1.62,2.59,1316.42,2.7,3.63,200.6
2009-01-12 10:00:00,1000.13,-8.0,265.15,-11.05,78.5,3.34,2.62,0.72,1.63,2.62,1312.65,2.66,4.38,181.0
2009-01-12 11:00:00,1000.04,-5.7,267.45,-10.03,71.3,3.99,2.84,1.14,1.77,2.84,1301.14,2.49,3.5,219.4
2009-01-12 12:00:00,998.86,-3.64,269.61,-9.0,66.14,4.67,3.09,1.58,1.92,3.09,1289.52,2.13,3.13,231.4
2009-01-12 13:00:00,997.7,-0.49,272.85,-7.69,58.01,5.89,3.42,2.47,2.13,3.43,1272.99,1.9,3.38,199.1
2009-01-12 14:00:00,996.82,1.3,274.71,-7.11,53.3,6.71,3.58,3.13,2.23,3.59,1263.51,1.7,2.38,204.8
2009-01-12 15:00:00,996.27,2.32,275.78,-6.78,50.8,7.22,3.67,3.55,2.29,3.68,1258.08,1.71,2.75,201.6
2009-01-12 16:00:00,996.14,1.51,274.98,-7.02,52.84,6.82,3.6,3.21,2.25,3.62,1261.65,2.1,3.13,199.1
2009-01-12 17:00:00,995.94,-1.8,271.68,-7.15,66.67,5.35,3.57,1.78,2.23,3.58,1276.81,2.19,3.13,220.8
2009-01-12 18:00:00,995.52,-2.76,270.74,-8.06,66.72,4.98,3.32,1.66,2.08,3.34,1280.95,2.71,4.13,207.8
2009-01-12 19:00:00,995.47,-2.99,270.52,-9.07,62.63,4.9,3.07,1.83,1.92,3.08,1282.06,1.12,2.25,149.8
2009-01-12 20:00:00,994.98,-3.53,270.02,-9.51,63.05,4.7,2.96,1.74,1.86,2.98,1284.07,2.79,4.25,167.2
2009-01-12 21:00:00,994.89,-3.44,270.12,-9.85,60.93,4.74,2.89,1.85,1.81,2.9,1283.54,2.29,3.63,157.6
2009-01-12 22:00:00,994.58,-4.35,269.23,-9.99,64.51,4.42,2.85,1.57,1.79,2.87,1287.5,2.36,4.38,150.3
2009-01-12 23:00:00,994.14,-4.99,268.63,-10.24,66.4,4.21,2.8,1.42,1.75,2.81,1290.02,2.2,4.13,163.0
2009-01-13 00:00:00,993.54,-5.19,268.47,-10.44,66.4,4.15,2.75,1.39,1.73,2.77,1290.26,2.2,3.25,172.5
2009-01-13 01:00:00,993.01,-4.79,268.91,-9.9,67.23,4.28,2.87,1.4,1.8,2.89,1287.57,2.41,3.38,160.0
2009-01-13 02:00:00,992.39,-4.56,269.19,-9.77,66.7,4.35,2.9,1.45,1.82,2.93,1285.63,3.01,4.63,177.5
2009-01-13 03:00:00,991.83,-4.76,269.03,-9.68,68.24,4.29,2.92,1.36,1.84,2.95,1285.86,3.47,4.75,178.7
2009-01-13 04:00:00,991.56,-4.9,268.91,-9.63,69.27,4.24,2.94,1.3,1.84,2.96,1286.19,2.56,3.5,188.8
2009-01-13 05:00:00,991.2,-4.83,269.01,-9.56,69.29,4.26,2.95,1.31,1.86,2.98,1285.4,1.99,2.75,197.6
2009-01-13 06:00:00,990.82,-4.26,269.61,-9.49,66.74,4.45,2.97,1.48,1.87,3.0,1282.17,1.02,3.0,157.3
2009-01-13 07:00:00,990.83,-3.66,270.21,-9.4,64.21,4.66,2.99,1.67,1.88,3.02,1279.31,1.95,2.88,208.5
2009-01-13 08:00:00,990.75,-3.76,270.11,-8.98,66.91,4.62,3.09,1.53,1.94,3.12,1279.65,1.2,2.75,189.2
2009-01-13 09:00:00,990.91,-2.49,271.38,-8.39,63.72,5.08,3.24,1.84,2.04,3.27,1273.76,1.25,2.38,109.2
2009-01-13 10:00:00,991.17,-1.47,272.38,-8.32,59.34,5.48,3.25,2.23,2.04,3.28,1269.28,0.89,1.88,190.2
2009-01-13 11:00:00,990.76,1.24,275.12,-7.65,51.36,6.68,3.43,3.25,2.16,3.46,1256.18,2.59,4.63,170.9
2009-01-13 12:00:00,990.29,2.58,276.51,-7.53,47.04,7.36,3.46,3.9,2.18,3.5,1249.43,2.03,4.5,170.1
2009-01-13 13:00:00,989.66,3.75,277.73,-7.18,44.5,7.99,3.56,4.44,2.24,3.59,1243.34,3.93,5.25,164.5
2009-01-13 14:00:00,989.14,4.63,278.66,-6.49,44.14,8.5,3.75,4.75,2.36,3.79,1238.66,3.1,4.5,176.0
2009-01-13 15:00:00,988.84,4.89,278.94,-6.09,44.68,8.66,3.87,4.79,2.44,3.91,1237.06,2.13,3.13,184.8
2009-01-13 16:00:00,988.92,3.25,277.29,-6.63,48.12,7.72,3.71,4.0,2.34,3.75,1244.58,1.68,2.63,206.1
2009-01-13 17:00:00,988.86,0.42,274.46,-6.52,59.47,6.3,3.75,2.55,2.36,3.79,1257.34,2.06,2.88,202.7
2009-01-13 18:00:00,988.75,-0.8,273.25,-6.7,64.07,5.76,3.69,2.07,2.33,3.73,1262.85,1.78,2.63,211.4
2009-01-13 19:00:00,988.5,-2.03,272.03,-7.2,67.53,5.26,3.55,1.71,2.24,3.59,1268.36,3.71,5.13,196.4
2009-01-13 20:00:00,988.46,-1.57,272.49,-7.78,62.39,5.44,3.4,2.05,2.14,3.43,1266.23,4.4,6.13,189.0
2009-01-13 21:00:00,988.63,-2.46,271.59,-7.96,65.72,5.1,3.35,1.75,2.11,3.39,1270.61,3.35,4.63,178.1
2009-01-13 22:00:00,988.78,-4.01,270.02,-8.14,72.8,4.54,3.3,1.23,2.08,3.34,1278.15,3.01,4.0,193.0
2009-01-13 23:00:00,988.51,-4.53,269.52,-8.13,75.8,4.36,3.31,1.06,2.08,3.34,1280.29,2.07,4.0,190.4
2009-01-14 00:00:00,988.02,-4.41,269.68,-8.3,74.1,4.4,3.26,1.14,2.06,3.3,1279.11,1.83,2.75,212.5
2009-01-14 01:00:00,987.44,-5.9,268.23,-9.04,78.3,3.93,3.08,0.85,1.94,3.12,1285.55,3.05,4.75,181.5
2009-01-14 02:00:00,987.07,-7.53,266.62,-9.9,83.0,3.46,2.87,0.59,1.81,2.91,1293.07,1.14,2.0,177.8
2009-01-14 03:00:00,987.1,-6.73,267.42,-8.73,85.6,3.68,3.15,0.53,1.99,3.19,1289.11,1.48,2.25,221.5
2009-01-14 04:00:00,986.82,-8.39,265.78,-10.7,83.3,3.24,2.7,0.54,1.7,2.73,1297.03,0.41,0.88,129.2
2009-01-14 05:00:00,986.9,-10.12,264.03,-11.27,91.2,2.82,2.58,0.25,1.62,2.61,1305.73,0.98,2.25,95.5
2009-01-14 06:00:00,986.69,-9.4,264.77,-10.54,91.3,2.99,2.73,0.26,1.72,2.77,1301.81,1.07,1.75,192.4
2009-01-14 07:00:00,987.23,-9.88,264.25,-11.23,89.8,2.88,2.58,0.29,1.63,2.62,1304.97,0.92,2.38,126.3
2009-01-14 08:00:00,987.08,-10.21,263.93,-11.41,90.8,2.8,2.55,0.26,1.61,2.58,1306.43,0.36,0.75,191.5
2009-01-14 09:00:00,986.97,-10.01,264.14,-11.24,90.6,2.85,2.58,0.27,1.63,2.61,1305.27,0.63,1.75,87.7
2009-01-14 10:00:00,987.13,-8.25,265.89,-10.54,83.4,3.27,2.73,0.54,1.72,2.77,1296.73,0.49,1.25,142.9
2009-01-14 11:00:00,987.16,-6.26,267.89,-9.6,77.0,3.82,2.94,0.88,1.86,2.98,1286.98,0.93,1.5,215.4
2009-01-14 12:00:00,987.15,-4.68,269.48,-9.1,71.0,4.31,3.06,1.25,1.93,3.1,1279.33,0.74,1.5,177.3
2009-01-14 13:00:00,986.63,-0.74,273.47,-7.37,60.61,5.78,3.51,2.28,2.21,3.55,1259.99,0.64,1.25,112.9
2009-01-14 14:00:00,986.54,-1.99,272.23,-7.53,65.59,5.28,3.46,1.82,2.19,3.51,1265.66,0.53,1.25,138.1
2009-01-14 15:00:00,986.75,-1.69,272.51,-7.35,65.1,5.39,3.51,1.88,2.22,3.56,1264.54,0.45,0.88,225.5
2009-01-14 16:00:00,987.03,-1.13,273.04,-6.56,66.41,5.62,3.73,1.89,2.36,3.78,1262.19,0.55,1.13,163.3
2009-01-14 17:00:00,987.48,-1.24,272.9,-6.25,68.57,5.58,3.82,1.75,2.41,3.87,1263.21,0.27,0.75,222.5
2009-01-14 18:00:00,987.97,-1.51,272.59,-4.44,80.3,5.47,4.39,1.08,2.77,4.44,1264.84,0.16,0.5,113.8
2009-01-14 19:00:00,988.49,-1.72,272.34,-4.7,80.0,5.38,4.31,1.08,2.71,4.36,1266.53,0.69,1.38,163.0
2009-01-14 20:00:00,988.98,-1.69,272.34,-3.8,85.4,5.4,4.61,0.79,2.9,4.66,1266.84,0.91,1.88,139.9
2009-01-14 21:00:00,989.15,-1.1,272.91,-2.75,88.5,5.63,4.99,0.65,3.14,5.04,1264.17,0.35,1.0,180.2
2009-01-14 22:00:00,989.51,0.07,274.06,-1.42,89.6,6.14,5.5,0.64,3.47,5.56,1258.93,0.35,1.63,103.6
2009-01-14 23:00:00,989.86,0.37,274.33,-1.24,88.9,6.27,5.58,0.7,3.51,5.64,1257.97,0.95,2.75,212.6
2009-01-15 00:00:00,990.2,0.44,274.37,-0.9,90.7,6.3,5.72,0.59,3.6,5.78,1258.04,1.58,3.25,221.1
2009-01-15 01:00:00,990.47,0.57,274.48,-0.65,91.5,6.37,5.83,0.54,3.67,5.88,1257.71,1.26,2.75,225.8
2009-01-15 02:00:00,991.03,0.29,274.16,-0.85,92.0,6.24,5.74,0.5,3.61,5.79,1259.75,0.82,1.63,158.6
2009-01-15 03:00:00,991.44,0.16,274.0,-0.65,94.2,6.18,5.82,0.36,3.66,5.87,1260.82,0.42,0.75,232.1
2009-01-15 04:00:00,991.58,-0.35,273.47,-1.05,95.0,5.95,5.66,0.3,3.56,5.7,1263.44,0.95,1.75,145.1
2009-01-15 05:00:00,992.01,-0.29,273.5,-0.86,95.9,5.98,5.73,0.25,3.6,5.78,1263.69,0.43,0.88,123.0
2009-01-15 06:00:00,992.66,0.05,273.78,-0.61,95.3,6.13,5.84,0.29,3.67,5.88,1262.91,0.25,0.88,194.4
2009-01-15 07:00:00,993.01,-0.05,273.66,-0.97,93.5,6.08,5.69,0.4,3.57,5.73,1263.88,0.38,1.25,180.1
2009-01-15 08:00:00,993.39,-0.01,273.67,-0.86,94.0,6.1,5.74,0.37,3.6,5.77,1264.16,0.15,0.5,159.9
2009-01-15 09:00:00,993.67,0.04,273.69,-0.78,94.2,6.12,5.77,0.36,3.62,5.81,1264.28,0.4,1.25,147.3
2009-01-15 10:00:00,993.96,0.29,273.92,-0.97,91.2,6.24,5.69,0.55,3.57,5.72,1263.51,1.1,1.75,137.1
2009-01-15 11:00:00,994.58,1.33,274.92,-0.32,88.7,6.73,5.97,0.76,3.74,6.0,1259.37,0.4,0.88,137.1
2009-01-15 12:00:00,994.72,1.99,275.57,-0.35,84.4,7.05,5.95,1.1,3.73,5.98,1256.54,0.47,1.0,135.7
2009-01-15 13:00:00,994.53,2.04,275.63,-0.45,83.5,7.08,5.91,1.17,3.7,5.94,1256.1,1.22,1.88,147.7
2009-01-15 14:00:00,994.26,2.39,276.01,-0.27,82.5,7.26,5.99,1.27,3.75,6.02,1254.11,0.74,1.63,146.2
2009-01-15 15:00:00,994.33,4.52,278.13,0.12,73.0,8.44,6.16,2.28,3.86,6.2,1244.52,0.7,1.0,20.98
2009-01-15 16:00:00,994.7,2.58,276.16,-0.52,79.9,7.36,5.88,1.48,3.68,5.91,1253.86,1.51,2.0,22.33
2009-01-15 17:00:00,995.31,0.44,273.97,-1.38,87.5,6.31,5.52,0.79,3.46,5.55,1264.61,0.76,1.0,7.92
2009-01-15 18:00:00,995.6,-0.48,273.02,-1.63,91.9,5.9,5.42,0.48,3.39,5.44,1269.31,0.29,0.75,36.66
2009-01-15 19:00:00,996.34,-1.63,271.81,-2.42,94.3,5.42,5.11,0.31,3.2,5.13,1275.79,0.35,0.88,69.36
2009-01-15 20:00:00,996.58,-2.89,270.54,-3.5,95.5,4.93,4.71,0.22,2.95,4.73,1282.22,0.67,1.5,188.6
2009-01-15 21:00:00,996.79,-3.21,270.2,-3.68,96.5,4.82,4.65,0.17,2.91,4.66,1284.04,0.23,0.88,176.7
2009-01-15 22:00:00,996.99,-3.37,270.02,-3.79,96.9,4.76,4.61,0.15,2.88,4.63,1285.08,0.44,0.75,187.2
2009-01-15 23:00:00,997.34,-3.57,269.8,-3.93,97.3,4.69,4.56,0.13,2.85,4.57,1286.51,0.77,1.25,229.6
2009-01-16 00:00:00,997.57,-4.03,269.32,-4.33,97.7,4.53,4.43,0.1,2.76,4.44,1289.06,1.58,2.0,145.5
2009-01-16 01:00:00,997.73,-4.1,269.24,-4.38,97.9,4.51,4.41,0.09,2.75,4.42,1289.62,1.18,1.88,199.0
2009-01-16 02:00:00,997.76,-4.61,268.73,-4.88,97.9,4.34,4.24,0.09,2.65,4.25,1292.18,0.97,1.75,197.1
2009-01-16 03:00:00,997.92,-4.84,268.48,-5.12,97.9,4.26,4.17,0.09,2.6,4.18,1293.56,0.45,1.13,168.3
2009-01-16 04:00:00,998.08,-5.11,268.2,-5.44,97.5,4.17,4.07,0.1,2.54,4.08,1295.13,1.15,1.63,209.2
2009-01-16 05:00:00,998.39,-5.21,268.07,-5.55,97.4,4.14,4.03,0.11,2.52,4.04,1296.02,0.81,1.0,215.3
2009-01-16 06:00:00,998.46,-4.73,268.55,-5.06,97.5,4.29,4.19,0.11,2.61,4.19,1293.72,0.58,1.25,207.0
2009-01-16 07:00:00,998.65,-4.3,268.96,-4.62,97.6,4.44,4.33,0.11,2.7,4.34,1291.82,1.56,3.63,179.6
2009-01-16 08:00:00,998.83,-4.27,268.98,-4.58,97.7,4.45,4.35,0.1,2.71,4.35,1291.9,1.27,2.0,180.3
2009-01-16 09:00:00,998.93,-4.51,268.74,-4.83,97.6,4.37,4.26,0.1,2.66,4.27,1293.22,1.53,2.5,194.1
2009-01-16 10:00:00,999.07,-4.39,268.84,-4.75,97.3,4.41,4.29,0.12,2.67,4.29,1292.81,1.5,2.5,173.9
2009-01-16 11:00:00,999.19,-4.19,269.03,-4.61,96.9,4.47,4.33,0.14,2.7,4.34,1292.01,1.37,2.13,183.4
2009-01-16 12:00:00,998.62,-2.85,270.42,-3.45,95.6,4.95,4.73,0.22,2.95,4.74,1284.65,1.25,1.88,184.3
2009-01-16 13:00:00,998.01,-1.15,272.17,-2.32,91.7,5.61,5.15,0.47,3.22,5.16,1275.64,1.22,2.38,204.8
2009-01-16 14:00:00,997.26,-0.05,273.32,-2.34,84.5,6.09,5.14,0.94,3.21,5.16,1269.56,1.28,2.0,193.0
2009-01-16 15:00:00,996.91,1.12,274.53,-1.54,82.3,6.63,5.45,1.17,3.41,5.47,1263.52,1.05,1.5,199.2
2009-01-16 16:00:00,996.92,0.38,273.78,-2.02,83.8,6.28,5.26,1.02,3.29,5.28,1267.06,0.18,0.5,267.9
2009-01-16 17:00:00,997.15,-0.63,272.75,-2.28,88.5,5.83,5.16,0.67,3.23,5.18,1272.1,0.73,1.13,228.0
2009-01-16 18:00:00,996.91,-0.72,272.69,-2.34,88.7,5.8,5.14,0.66,3.21,5.16,1272.22,1.55,2.0,203.8
2009-01-16 19:00:00,996.59,-1.36,272.07,-3.06,88.1,5.53,4.87,0.66,3.05,4.89,1274.92,2.7,3.88,199.0
2009-01-16 20:00:00,996.3,-1.78,271.67,-3.4,88.6,5.36,4.75,0.61,2.97,4.77,1276.58,3.64,4.38,203.9
2009-01-16 21:00:00,995.99,-2.03,271.44,-3.75,87.9,5.26,4.62,0.64,2.89,4.64,1277.44,3.02,4.25,196.2
2009-01-16 22:00:00,995.64,-2.2,271.3,-3.74,89.1,5.2,4.63,0.57,2.9,4.65,1277.79,3.25,4.75,189.9
2009-01-16 23:00:00,995.48,-2.41,271.1,-3.92,89.3,5.11,4.57,0.55,2.86,4.59,1278.6,2.93,3.63,199.4
2009-01-17 00:00:00,995.14,-2.3,271.23,-3.95,88.4,5.15,4.56,0.6,2.85,4.58,1277.68,2.75,4.0,187.0
2009-01-17 01:00:00,994.9,-2.57,270.98,-4.11,89.1,5.05,4.5,0.55,2.82,4.52,1278.67,2.79,3.75,190.1
2009-01-17 02:00:00,994.75,-2.35,271.22,-3.94,88.8,5.14,4.56,0.58,2.86,4.58,1277.41,1.86,2.63,212.4
2009-01-17 03:00:00,994.77,-1.99,271.58,-3.76,87.6,5.28,4.62,0.65,2.9,4.65,1275.67,2.44,3.5,185.5
2009-01-17 04:00:00,994.25,-2.04,271.57,-3.84,87.4,5.26,4.59,0.66,2.88,4.62,1275.27,2.33,3.88,173.5
2009-01-17 05:00:00,993.93,-2.13,271.5,-3.82,88.1,5.22,4.6,0.62,2.88,4.63,1275.28,2.86,4.38,186.2
2009-01-17 06:00:00,993.62,-2.1,271.55,-3.83,87.9,5.23,4.6,0.63,2.88,4.63,1274.76,2.65,3.75,179.8
2009-01-17 07:00:00,993.28,-1.52,272.16,-3.21,88.2,5.46,4.82,0.64,3.02,4.85,1271.48,2.71,4.13,175.7
2009-01-17 08:00:00,993.46,-1.24,272.43,-2.57,90.6,5.58,5.05,0.52,3.17,5.09,1270.28,2.65,3.88,176.9
2009-01-17 09:00:00,993.55,-1.06,272.6,-2.0,93.3,5.65,5.27,0.38,3.31,5.31,1269.47,2.48,4.0,180.9
2009-01-17 10:00:00,993.23,-0.49,273.2,-1.71,91.4,5.89,5.39,0.51,3.38,5.42,1266.36,3.51,4.38,168.1
2009-01-17 11:00:00,993.3,0.21,273.9,-1.64,87.3,6.2,5.41,0.79,3.4,5.45,1263.17,3.37,4.63,167.2
2009-01-17 12:00:00,992.79,0.7,274.43,-1.47,85.3,6.43,5.48,0.94,3.44,5.52,1260.22,2.38,3.25,162.6
2009-01-17 13:00:00,992.15,1.34,275.12,-0.98,84.5,6.73,5.69,1.04,3.57,5.73,1256.4,1.53,3.5,147.8
2009-01-17 14:00:00,991.58,1.77,275.59,-0.88,82.5,6.94,5.73,1.21,3.6,5.77,1253.7,1.89,4.13,167.5
2009-01-17 15:00:00,991.2,2.11,275.97,-0.48,82.9,7.12,5.9,1.22,3.71,5.95,1251.55,1.83,3.13,156.7
2009-01-17 16:00:00,990.96,2.07,275.95,-0.4,83.6,7.09,5.93,1.16,3.73,5.98,1251.43,0.71,1.88,169.6
2009-01-17 17:00:00,990.47,1.76,275.68,-0.41,85.4,6.94,5.93,1.01,3.73,5.98,1252.21,1.02,1.75,197.9
2009-01-17 18:00:00,990.31,1.7,275.62,-0.21,87.1,6.91,6.02,0.89,3.79,6.07,1252.27,1.58,3.0,137.1
2009-01-17 19:00:00,990.09,1.37,275.31,0.11,91.3,6.74,6.16,0.59,3.88,6.22,1253.43,1.37,1.88,127.2
2009-01-17 20:00:00,989.62,1.09,275.07,-0.07,91.9,6.61,6.08,0.54,3.83,6.14,1254.11,1.16,2.25,193.6
2009-01-17 21:00:00,989.04,1.05,275.07,-0.49,89.4,6.59,5.89,0.7,3.71,5.96,1253.67,3.78,5.63,184.8
2009-01-17 22:00:00,989.14,1.67,275.69,0.02,88.7,6.89,6.12,0.78,3.85,6.18,1250.85,1.34,2.63,161.7
2009-01-17 23:00:00,988.51,2.55,276.62,0.01,83.3,7.34,6.11,1.23,3.86,6.18,1246.08,2.55,4.25,188.0
2009-01-18 00:00:00,987.96,1.94,276.05,-0.1,86.3,7.03,6.06,0.96,3.83,6.14,1248.16,1.57,2.13,194.8
2009-01-18 01:00:00,988.04,1.84,275.94,-0.15,86.6,6.98,6.04,0.93,3.81,6.11,1248.75,1.02,2.0,236.8
2009-01-18 02:00:00,987.77,1.65,275.78,-0.13,87.9,6.88,6.05,0.83,3.82,6.13,1249.23,1.58,2.0,216.6
2009-01-18 03:00:00,986.99,1.3,275.49,-0.29,89.1,6.71,5.98,0.73,3.78,6.06,1249.88,0.83,1.25,192.1
2009-01-18 04:00:00,986.03,0.98,275.24,-0.58,89.3,6.56,5.86,0.7,3.7,5.94,1250.18,1.75,2.75,193.8
2009-01-18 05:00:00,984.72,0.24,274.61,-0.96,91.6,6.22,5.69,0.52,3.6,5.78,1251.96,2.0,3.63,163.5
2009-01-18 06:00:00,983.91,0.04,274.47,-0.8,94.0,6.13,5.76,0.37,3.65,5.85,1251.81,1.8,3.25,192.2
2009-01-18 07:00:00,982.91,0.14,274.65,-0.82,93.2,6.17,5.75,0.42,3.65,5.85,1250.09,1.94,3.63,201.2
2009-01-18 08:00:00,981.87,1.56,276.16,0.0,89.3,6.84,6.11,0.73,3.88,6.22,1242.13,2.19,3.13,210.4
2009-01-18 09:00:00,980.84,1.84,276.52,0.15,88.5,6.98,6.17,0.8,3.92,6.29,1239.56,2.53,3.5,192.3
2009-01-18 10:00:00,979.91,2.82,277.59,0.43,84.2,7.49,6.3,1.18,4.01,6.43,1233.89,1.93,2.75,198.4
2009-01-18 11:00:00,978.4,3.6,278.5,0.54,80.3,7.91,6.35,1.56,4.05,6.49,1228.49,2.95,4.5,190.5
2009-01-18 12:00:00,976.92,5.05,280.08,0.31,71.3,8.76,6.25,2.51,3.99,6.39,1220.28,5.26,7.13,187.4
2009-01-18 13:00:00,975.48,4.68,279.82,-0.43,69.36,8.54,5.92,2.62,3.78,6.07,1220.26,3.56,5.75,182.7
2009-01-18 14:00:00,975.05,4.01,279.18,-0.63,71.6,8.14,5.83,2.31,3.73,5.98,1222.72,6.04,9.88,195.3
2009-01-18 15:00:00,973.95,3.72,278.98,-0.72,72.6,7.98,5.79,2.19,3.71,5.95,1222.62,6.3,9.13,192.2
2009-01-18 16:00:00,973.17,2.95,278.26,-0.18,79.8,7.55,6.03,1.53,3.86,6.19,1224.96,4.79,6.75,186.1
2009-01-18 17:00:00,972.79,2.82,278.16,0.11,82.3,7.48,6.16,1.32,3.95,6.33,1225.0,2.23,4.13,167.1
2009-01-18 18:00:00,972.46,3.07,278.44,0.21,81.4,7.62,6.2,1.42,3.98,6.38,1223.46,2.57,3.75,164.6
2009-01-18 19:00:00,972.77,3.63,278.99,0.43,79.5,7.93,6.3,1.63,4.04,6.48,1221.3,5.12,7.38,205.9
2009-01-18 20:00:00,973.48,3.47,278.76,0.46,80.6,7.84,6.32,1.52,4.05,6.49,1222.91,5.33,8.0,213.0
2009-01-18 21:00:00,974.62,3.3,278.5,0.28,80.5,7.74,6.23,1.51,3.99,6.4,1225.13,1.72,2.75,224.6
2009-01-18 22:00:00,976.04,3.17,278.25,0.54,82.8,7.67,6.35,1.32,4.06,6.51,1227.45,1.25,2.38,239.2
2009-01-18 23:00:00,977.31,3.23,278.21,-0.01,79.2,7.71,6.1,1.6,3.89,6.25,1228.88,1.82,3.75,220.4
2009-01-19 00:00:00,978.22,2.89,277.79,-1.18,74.5,7.52,5.6,1.92,3.57,5.73,1231.8,3.58,6.0,230.3
2009-01-19 01:00:00,979.19,1.96,276.78,-1.89,75.5,7.04,5.31,1.72,3.38,5.43,1237.31,1.97,3.13,232.8
2009-01-19 02:00:00,979.66,1.17,275.95,-2.29,77.6,6.65,5.16,1.49,3.28,5.27,1241.54,2.74,3.63,233.4
2009-01-19 03:00:00,979.99,0.89,275.64,-2.42,78.4,6.52,5.11,1.41,3.25,5.21,1243.26,0.93,1.63,204.7
2009-01-19 04:00:00,979.38,1.27,276.07,-2.2,77.6,6.69,5.2,1.5,3.31,5.3,1240.75,1.24,2.0,207.1
2009-01-19 05:00:00,979.36,0.86,275.66,-1.91,81.6,6.5,5.31,1.2,3.38,5.42,1242.5,1.54,3.25,161.4
2009-01-19 06:00:00,979.09,1.52,276.34,-1.7,79.1,6.82,5.39,1.42,3.43,5.51,1239.16,2.42,3.25,205.8
2009-01-19 07:00:00,978.38,1.22,276.1,-2.63,75.4,6.67,5.03,1.64,3.21,5.14,1239.76,2.23,3.63,197.3
2009-01-19 08:00:00,977.73,0.84,275.77,-3.04,75.1,6.49,4.88,1.62,3.11,4.99,1240.71,2.02,2.88,205.9
2009-01-19 09:00:00,976.93,0.91,275.9,-2.63,77.1,6.52,5.03,1.49,3.21,5.15,1239.35,2.27,3.38,178.4
2009-01-19 10:00:00,975.58,0.75,275.85,-2.24,80.3,6.45,5.18,1.27,3.31,5.31,1238.28,2.95,4.38,181.3
2009-01-19 11:00:00,974.19,2.12,277.35,-1.42,77.3,7.12,5.5,1.62,3.52,5.65,1230.19,3.47,4.88,177.0
2009-01-19 12:00:00,972.27,3.12,278.51,-1.06,73.9,7.64,5.65,2.0,3.62,5.81,1223.25,3.42,4.63,177.3
2009-01-19 13:00:00,971.17,3.65,279.13,-1.49,69.0,7.94,5.48,2.46,3.52,5.64,1219.6,5.85,9.25,185.3
2009-01-19 14:00:00,969.37,3.62,279.26,-1.22,70.5,7.92,5.59,2.34,3.59,5.76,1217.39,5.24,7.13,178.0
2009-01-19 15:00:00,968.07,3.43,279.17,0.32,80.0,7.82,6.25,1.56,4.03,6.46,1216.28,7.34,12.0,175.3
2009-01-19 16:00:00,967.32,3.41,279.21,0.64,82.0,7.8,6.4,1.4,4.12,6.62,1215.37,5.41,9.63,185.4
2009-01-19 17:00:00,966.65,3.59,279.44,0.78,81.8,7.9,6.46,1.44,4.17,6.69,1213.72,6.79,9.75,186.9
2009-01-19 18:00:00,966.55,3.63,279.5,1.08,83.3,7.93,6.61,1.32,4.26,6.83,1213.31,6.18,8.63,185.9
2009-01-19 19:00:00,966.66,3.9,279.76,1.51,84.3,8.08,6.81,1.27,4.39,7.05,1212.19,5.29,7.25,194.1
2009-01-19 20:00:00,966.45,3.7,279.57,1.47,85.3,7.96,6.79,1.17,4.38,7.03,1212.83,3.36,4.88,182.1
2009-01-19 21:00:00,966.52,4.01,279.89,1.94,86.3,8.14,7.03,1.12,4.54,7.27,1211.42,3.84,7.0,169.8
2009-01-19 22:00:00,966.56,4.27,280.14,2.11,85.8,8.29,7.12,1.18,4.59,7.36,1210.3,1.88,3.38,132.8
2009-01-19 23:00:00,966.36,3.9,279.79,2.09,87.9,8.08,7.1,0.98,4.58,7.35,1211.67,1.21,2.63,155.2
2009-01-20 00:00:00,966.01,4.08,280.0,2.33,88.3,8.19,7.23,0.96,4.67,7.48,1210.37,1.24,2.5,28.72
2009-01-20 01:00:00,965.4,4.47,280.44,2.34,86.0,8.41,7.23,1.18,4.67,7.49,1207.92,1.95,2.75,202.2
2009-01-20 02:00:00,965.56,5.07,281.03,2.38,82.7,8.77,7.25,1.52,4.69,7.51,1205.51,1.04,2.25,178.7
2009-01-20 03:00:00,965.99,6.68,282.63,2.39,74.0,9.81,7.26,2.55,4.69,7.52,1199.09,5.69,10.63,206.5
2009-01-20 04:00:00,966.18,6.24,282.16,2.14,74.9,9.52,7.13,2.39,4.6,7.38,1201.29,5.69,9.0,210.3
2009-01-20 05:00:00,967.17,5.94,281.78,1.56,73.4,9.32,6.84,2.48,4.41,7.07,1203.95,5.48,7.63,209.9
2009-01-20 06:00:00,968.16,5.33,281.08,0.92,73.1,8.93,6.53,2.4,4.21,6.74,1207.98,2.95,5.0,224.7
2009-01-20 07:00:00,968.32,4.74,280.47,0.68,74.9,8.57,6.42,2.15,4.13,6.63,1210.82,1.86,2.63,205.9
2009-01-20 08:00:00,969.3,4.64,280.29,0.62,75.1,8.51,6.39,2.12,4.11,6.59,1212.48,1.28,1.88,231.3
2009-01-20 09:00:00,970.14,3.75,279.32,0.63,80.0,7.99,6.39,1.6,4.11,6.59,1217.44,1.9,2.63,183.4
2009-01-20 10:00:00,970.1,4.13,279.71,0.12,75.0,8.21,6.16,2.05,3.96,6.35,1215.81,2.31,2.88,204.3
2009-01-20 11:00:00,971.72,3.94,279.38,0.43,77.8,8.1,6.3,1.8,4.04,6.49,1218.64,1.93,2.88,192.1
2009-01-20 12:00:00,972.14,4.25,279.66,0.37,75.8,8.28,6.28,2.0,4.02,6.46,1217.82,1.14,2.75,298.5
2009-01-20 13:00:00,971.77,4.5,279.95,0.18,73.4,8.43,6.19,2.24,3.97,6.37,1216.26,1.54,2.0,214.3
2009-01-20 14:00:00,972.63,4.52,279.89,0.22,73.5,8.44,6.2,2.24,3.98,6.38,1217.25,0.67,1.38,225.8
2009-01-20 15:00:00,973.14,4.23,279.55,-0.26,72.5,8.27,5.99,2.27,3.84,6.16,1219.29,1.4,2.0,220.2
2009-01-20 16:00:00,973.86,3.57,278.83,-0.67,73.7,7.89,5.82,2.08,3.72,5.97,1223.19,2.37,2.75,205.4
2009-01-20 17:00:00,973.99,2.9,278.14,-1.15,74.6,7.52,5.61,1.91,3.59,5.76,1226.42,1.42,2.25,212.2
2009-01-20 18:00:00,974.51,1.57,276.76,-1.73,78.6,6.84,5.38,1.46,3.44,5.52,1233.13,0.69,1.38,200.5
2009-01-20 19:00:00,975.08,0.68,275.83,-1.97,82.3,6.42,5.28,1.14,3.38,5.42,1237.88,1.07,2.13,207.4
2009-01-20 20:00:00,975.5,-0.45,274.65,-2.29,87.3,5.91,5.16,0.75,3.3,5.29,1243.6,1.62,2.38,205.6
2009-01-20 21:00:00,976.05,-0.83,274.22,-2.11,91.0,5.75,5.23,0.52,3.34,5.36,1246.03,0.72,1.25,223.8
2009-01-20 22:00:00,976.58,-1.71,273.3,-2.87,91.7,5.39,4.94,0.45,3.15,5.06,1250.87,0.15,0.5,65.09
2009-01-20 23:00:00,977.13,-2.66,272.29,-3.43,94.4,5.02,4.74,0.28,3.02,4.85,1256.09,0.91,1.13,202.5
2009-01-21 00:00:00,977.43,-2.96,271.97,-3.61,95.3,4.91,4.68,0.23,2.98,4.78,1257.91,1.27,2.25,177.9
2009-01-21 01:00:00,977.65,-2.91,272.0,-3.45,96.0,4.93,4.73,0.2,3.01,4.84,1257.92,0.9,1.5,208.1
2009-01-21 02:00:00,977.75,-3.13,271.78,-3.66,96.1,4.85,4.66,0.19,2.97,4.76,1259.09,0.87,1.38,180.3
2009-01-21 03:00:00,978.06,-3.19,271.69,-3.6,96.9,4.83,4.68,0.15,2.98,4.78,1259.75,0.98,1.88,46.71
2009-01-21 04:00:00,978.25,-2.43,272.44,-2.85,96.9,5.11,4.95,0.16,3.15,5.06,1256.36,1.27,1.63,206.2
2009-01-21 05:00:00,978.24,-2.76,272.11,-3.3,96.0,4.98,4.78,0.2,3.05,4.89,1257.93,0.28,1.0,119.7
2009-01-21 06:00:00,978.07,-2.75,272.13,-3.31,95.9,4.98,4.78,0.2,3.05,4.89,1257.71,0.45,0.75,3.85
2009-01-21 07:00:00,978.65,-3.24,271.6,-3.81,95.8,4.81,4.61,0.2,2.93,4.71,1260.79,0.56,1.0,211.4
2009-01-21 08:00:00,979.34,-2.9,271.88,-3.43,96.1,4.93,4.74,0.19,3.01,4.84,1260.05,0.77,1.63,206.6
2009-01-21 09:00:00,979.76,-2.06,272.69,-2.68,95.5,5.25,5.01,0.24,3.19,5.11,1256.57,0.43,1.25,207.6
2009-01-21 10:00:00,980.2,-2.0,272.71,-2.75,94.6,5.27,4.99,0.28,3.17,5.09,1256.85,0.58,1.25,231.3
2009-01-21 11:00:00,980.55,-1.39,273.3,-2.5,92.1,5.52,5.08,0.44,3.23,5.18,1254.42,0.43,1.0,180.7
2009-01-21 12:00:00,980.6,-0.25,274.44,-2.05,87.6,6.0,5.25,0.74,3.34,5.36,1249.17,0.51,1.13,116.9
2009-01-21 13:00:00,980.4,0.29,275.0,-1.64,86.8,6.24,5.41,0.82,3.44,5.52,1246.39,0.52,1.13,169.7
2009-01-21 14:00:00,980.48,0.77,275.48,-1.37,85.5,6.46,5.52,0.94,3.51,5.63,1244.24,0.73,1.25,222.4
2009-01-21 15:00:00,980.65,1.3,276.0,-1.01,84.5,6.71,5.67,1.04,3.6,5.78,1241.99,0.61,1.25,193.4
2009-01-21 16:00:00,980.84,0.79,275.47,-0.94,88.1,6.47,5.7,0.77,3.62,5.81,1244.5,0.51,1.13,133.2
2009-01-21 17:00:00,981.12,0.63,275.29,-1.19,87.5,6.4,5.6,0.8,3.56,5.7,1245.63,0.51,1.0,206.5
2009-01-21 18:00:00,981.52,0.32,274.94,-1.15,89.8,6.25,5.61,0.64,3.57,5.72,1247.56,0.11,0.5,98.5
2009-01-21 19:00:00,981.72,-0.75,273.86,-2.08,90.6,5.78,5.24,0.54,3.33,5.34,1252.88,0.98,1.5,207.9
2009-01-21 20:00:00,982.24,-1.84,272.71,-2.7,93.8,5.33,5.0,0.33,3.17,5.09,1258.74,0.86,1.13,195.2
2009-01-21 21:00:00,982.49,-1.79,272.75,-2.53,94.6,5.36,5.07,0.29,3.21,5.16,1258.76,1.25,2.0,234.7
2009-01-21 22:00:00,982.98,-2.18,272.31,-2.83,95.3,5.2,4.96,0.24,3.14,5.04,1261.28,0.18,0.63,152.8
2009-01-21 23:00:00,983.3,-3.15,271.31,-3.7,96.0,4.84,4.64,0.19,2.94,4.72,1266.38,1.09,1.38,185.2
2009-01-22 00:00:00,983.51,-3.62,270.82,-4.05,96.8,4.67,4.52,0.15,2.86,4.6,1268.92,0.54,1.25,149.2
2009-01-22 01:00:00,983.37,-3.98,270.47,-4.39,97.0,4.54,4.41,0.14,2.79,4.48,1270.5,0.99,2.0,169.0
2009-01-22 02:00:00,983.27,-3.66,270.81,-3.99,97.5,4.66,4.54,0.12,2.88,4.62,1268.75,1.23,2.0,187.7
2009-01-22 03:00:00,983.05,-3.47,271.01,-3.86,97.1,4.72,4.59,0.14,2.91,4.67,1267.56,0.82,1.38,186.3
2009-01-22 04:00:00,982.75,-3.37,271.14,-3.72,97.4,4.76,4.64,0.12,2.94,4.72,1266.7,0.54,1.5,119.2
2009-01-22 05:00:00,982.15,-3.05,271.51,-3.45,97.0,4.88,4.73,0.15,3.0,4.82,1264.35,1.11,2.13,163.1
2009-01-22 06:00:00,982.02,-3.46,271.1,-3.85,97.1,4.73,4.59,0.14,2.91,4.67,1266.2,0.99,2.0,142.2
2009-01-22 07:00:00,981.61,-3.17,271.43,-3.52,97.4,4.83,4.71,0.13,2.99,4.79,1264.26,2.15,3.13,175.3
2009-01-22 08:00:00,981.6,-3.2,271.4,-3.6,97.0,4.82,4.68,0.14,2.97,4.76,1264.38,1.85,2.88,204.2
2009-01-22 09:00:00,981.28,-3.07,271.55,-3.66,95.7,4.87,4.66,0.21,2.96,4.75,1263.39,2.25,3.75,135.0
2009-01-22 10:00:00,980.91,-2.01,272.65,-2.83,94.1,5.27,4.96,0.31,3.15,5.05,1257.83,1.75,2.38,201.7
2009-01-22 11:00:00,980.29,-0.09,274.63,-2.06,86.5,6.07,5.25,0.82,3.34,5.35,1248.05,2.77,3.88,181.2
2009-01-22 12:00:00,979.32,2.0,276.81,-1.57,77.1,7.06,5.44,1.62,3.46,5.56,1237.24,5.62,8.0,176.0
2009-01-22 13:00:00,978.03,2.5,277.42,-1.77,73.3,7.32,5.36,1.95,3.42,5.48,1233.39,5.15,7.63,193.4
2009-01-22 14:00:00,976.96,2.63,277.63,-2.04,71.2,7.38,5.26,2.13,3.35,5.38,1231.55,5.73,8.63,188.3
2009-01-22 15:00:00,976.27,3.05,278.11,-2.04,69.11,7.61,5.26,2.35,3.36,5.38,1228.8,5.16,7.38,189.5
2009-01-22 16:00:00,975.63,2.42,277.53,-2.34,70.7,7.27,5.14,2.13,3.28,5.27,1230.86,3.91,4.88,189.8
2009-01-22 17:00:00,974.95,1.1,276.26,-2.81,75.0,6.62,4.96,1.65,3.17,5.09,1235.97,3.31,4.5,200.4
2009-01-22 18:00:00,974.88,0.24,275.4,-2.99,78.8,6.22,4.9,1.32,3.13,5.02,1239.8,2.59,3.88,190.4
2009-01-22 19:00:00,974.02,-0.88,274.34,-3.25,83.9,5.73,4.8,0.92,3.07,4.93,1243.86,3.26,5.25,182.2
2009-01-22 20:00:00,973.17,-0.97,274.32,-3.39,83.5,5.69,4.75,0.94,3.04,4.88,1243.18,3.96,6.5,172.1
2009-01-22 21:00:00,972.96,-1.11,274.19,-3.48,83.8,5.63,4.72,0.91,3.02,4.85,1243.58,4.0,5.25,183.8
2009-01-22 22:00:00,972.66,-1.38,273.94,-3.69,84.2,5.52,4.65,0.87,2.98,4.78,1244.5,2.92,4.0,188.5
2009-01-22 23:00:00,972.02,-0.84,274.54,-3.55,81.8,5.74,4.7,1.05,3.01,4.83,1241.19,4.78,7.5,168.9
2009-01-23 00:00:00,971.4,-0.75,274.68,-3.63,80.7,5.78,4.67,1.12,2.99,4.8,1239.97,5.69,7.5,171.8
2009-01-23 01:00:00,969.92,-1.23,274.31,-3.91,81.9,5.58,4.57,1.01,2.94,4.71,1240.33,3.86,6.25,178.7
2009-01-23 02:00:00,969.35,-1.32,274.27,-4.08,81.4,5.54,4.51,1.03,2.9,4.65,1240.05,2.1,3.38,162.1
2009-01-23 03:00:00,967.93,-1.5,274.21,-4.1,82.3,5.47,4.5,0.97,2.9,4.65,1239.01,3.82,5.38,193.5
2009-01-23 04:00:00,967.13,-1.36,274.41,-4.22,80.8,5.53,4.47,1.06,2.88,4.62,1237.4,3.56,4.88,167.3
2009-01-23 05:00:00,965.79,-1.23,274.65,-4.3,79.5,5.58,4.44,1.14,2.86,4.59,1235.1,3.06,4.5,164.9
2009-01-23 06:00:00,963.88,-1.42,274.62,-4.54,79.2,5.5,4.36,1.14,2.82,4.52,1233.54,2.51,4.5,184.9
2009-01-23 07:00:00,962.57,-1.37,274.77,-4.54,78.9,5.52,4.36,1.17,2.82,4.53,1231.64,2.22,3.63,168.5
2009-01-23 08:00:00,960.77,-1.51,274.78,-4.51,79.9,5.47,4.37,1.1,2.83,4.55,1229.96,4.43,6.38,188.3
2009-01-23 09:00:00,958.25,-0.24,276.27,-4.74,71.5,6.0,4.29,1.71,2.79,4.48,1221.06,4.25,6.75,178.6
2009-01-23 10:00:00,955.92,0.09,276.8,-5.17,67.53,6.15,4.15,2.0,2.71,4.34,1216.67,5.18,8.25,173.6
2009-01-23 11:00:00,953.37,1.72,278.66,-4.84,61.54,6.92,4.26,2.66,2.78,4.47,1206.17,7.32,10.63,173.4
2009-01-23 12:00:00,952.39,3.02,280.06,-4.16,59.09,7.59,4.49,3.11,2.93,4.71,1199.17,8.38,13.25,180.8
2009-01-23 13:00:00,950.43,1.48,278.66,-1.38,81.2,6.8,5.52,1.28,3.62,5.81,1202.9,7.58,10.75,179.7
2009-01-23 14:00:00,947.77,0.52,277.91,-0.88,90.3,6.34,5.73,0.62,3.77,6.04,1203.64,8.9,12.75,171.5
2009-01-23 15:00:00,946.05,1.55,279.1,-0.5,86.2,6.83,5.89,0.94,3.88,6.23,1196.87,9.19,13.5,177.4
2009-01-23 16:00:00,945.13,2.0,279.64,-0.01,86.5,7.06,6.11,0.95,4.03,6.46,1193.65,7.77,10.38,178.5
2009-01-23 17:00:00,944.88,3.64,281.32,1.33,84.8,7.93,6.73,1.21,4.44,7.12,1185.97,6.22,8.88,183.0
2009-01-23 18:00:00,944.99,4.79,282.48,1.85,81.2,8.6,6.98,1.62,4.61,7.39,1181.08,6.46,9.75,181.4
2009-01-23 19:00:00,945.96,5.4,283.02,1.96,78.4,8.98,7.04,1.94,4.64,7.44,1179.66,5.58,8.88,200.0
2009-01-23 20:00:00,946.9,5.1,282.64,2.0,80.3,8.79,7.06,1.73,4.65,7.45,1182.1,4.47,7.0,207.8
2009-01-23 21:00:00,948.43,5.68,283.1,2.32,78.9,9.15,7.22,1.93,4.75,7.62,1181.47,3.74,6.0,204.0
2009-01-23 22:00:00,949.8,5.34,282.63,1.77,77.7,8.94,6.94,1.99,4.56,7.31,1184.78,4.33,6.5,213.6
2009-01-23 23:00:00,950.95,4.71,281.9,-0.1,70.9,8.55,6.06,2.49,3.98,6.38,1189.31,3.74,5.88,228.7
2009-01-24 00:00:00,952.33,3.93,280.99,-0.71,71.6,8.1,5.8,2.3,3.8,6.09,1194.52,7.41,11.0,212.5
2009-01-24 01:00:00,953.66,1.73,278.65,0.0,88.2,6.92,6.11,0.82,3.99,6.4,1205.62,4.74,6.38,206.1
2009-01-24 02:00:00,954.27,1.24,278.1,0.22,92.9,6.68,6.21,0.47,4.06,6.5,1208.51,7.49,10.38,209.6
2009-01-24 03:00:00,955.35,2.03,278.81,0.69,90.8,7.07,6.42,0.65,4.19,6.72,1206.3,4.74,6.75,210.3
2009-01-24 04:00:00,955.92,2.44,279.18,0.3,85.7,7.29,6.24,1.04,4.07,6.53,1205.29,4.75,7.75,213.1
2009-01-24 05:00:00,956.72,2.38,279.05,0.16,85.2,7.25,6.18,1.07,4.03,6.46,1206.61,2.74,4.88,222.5
2009-01-24 06:00:00,957.5,2.24,278.84,-0.17,84.0,7.18,6.03,1.15,3.93,6.3,1208.27,2.59,3.5,231.2
2009-01-24 07:00:00,957.96,2.17,278.73,-0.79,80.7,7.14,5.77,1.38,3.75,6.02,1209.31,4.24,7.0,228.8
2009-01-24 08:00:00,958.35,2.07,278.6,-1.36,77.9,7.1,5.53,1.57,3.6,5.77,1210.33,2.6,4.13,246.4
2009-01-24 09:00:00,959.13,1.91,278.37,-2.0,75.2,7.01,5.27,1.74,3.43,5.5,1212.17,0.94,2.38,201.2
2009-01-24 10:00:00,959.92,3.15,279.56,-1.6,70.9,7.66,5.43,2.23,3.53,5.66,1207.66,2.55,3.88,185.2
2009-01-24 11:00:00,960.82,3.84,280.18,-2.01,65.5,8.04,5.27,2.77,3.42,5.48,1205.86,2.85,4.63,206.3
2009-01-24 12:00:00,960.78,3.82,280.17,-2.48,63.31,8.04,5.09,2.95,3.3,5.3,1205.95,4.76,6.25,205.6
2009-01-24 13:00:00,960.89,4.71,281.05,-2.7,58.54,8.55,5.01,3.55,3.25,5.21,1202.3,4.54,6.38,215.3
2009-01-24 14:00:00,961.3,5.3,281.62,-2.78,55.83,8.91,4.98,3.94,3.23,5.18,1200.28,4.22,5.88,214.2
2009-01-24 15:00:00,962.02,4.09,280.34,-3.11,59.24,8.19,4.85,3.34,3.14,5.04,1206.45,1.56,2.88,242.2
2009-01-24 16:00:00,962.87,3.8,279.98,-2.54,63.13,8.03,5.07,2.96,3.28,5.26,1208.67,1.34,2.25,245.8
2009-01-24 17:00:00,964.11,3.03,279.1,-2.69,65.91,7.6,5.01,2.59,3.24,5.19,1213.64,1.64,2.0,250.8
2009-01-24 18:00:00,965.11,3.19,279.17,-2.57,65.75,7.68,5.05,2.63,3.26,5.23,1214.19,0.86,1.5,304.1
2009-01-24 19:00:00,965.92,2.88,278.79,-2.61,67.04,7.52,5.04,2.48,3.25,5.22,1216.59,0.75,2.25,269.3
2009-01-24 20:00:00,966.86,2.35,278.17,-2.44,70.5,7.24,5.1,2.13,3.29,5.28,1220.1,1.9,2.63,240.7
2009-01-24 21:00:00,968.2,0.84,276.55,-2.37,79.0,6.49,5.13,1.36,3.3,5.3,1228.48,0.76,1.25,198.3
2009-01-24 22:00:00,969.16,0.54,276.17,-2.09,82.4,6.35,5.24,1.12,3.37,5.4,1231.0,0.06,0.38,174.7
2009-01-24 23:00:00,970.12,0.59,276.13,-1.89,83.4,6.37,5.32,1.06,3.42,5.48,1231.99,0.41,1.13,144.5
2009-01-25 00:00:00,971.14,0.29,275.75,-1.92,85.0,6.24,5.3,0.94,3.4,5.46,1234.61,0.71,2.13,110.5
2009-01-25 01:00:00,971.77,0.41,275.82,-1.7,85.7,6.29,5.39,0.9,3.46,5.55,1234.85,1.09,2.13,137.6
2009-01-25 02:00:00,972.1,0.37,275.75,-1.5,87.2,6.27,5.47,0.8,3.51,5.63,1235.43,0.3,0.88,95.5
2009-01-25 03:00:00,972.99,0.5,275.82,-1.41,86.9,6.34,5.51,0.83,3.53,5.66,1235.92,0.59,1.38,214.6
2009-01-25 04:00:00,973.13,0.52,275.82,-1.27,87.7,6.34,5.56,0.78,3.56,5.72,1235.99,0.47,1.38,181.2
2009-01-25 05:00:00,973.53,0.03,275.29,-1.55,89.1,6.12,5.45,0.67,3.49,5.6,1238.8,1.44,2.13,147.0
2009-01-25 06:00:00,973.82,-0.59,274.65,-1.68,92.3,5.85,5.4,0.45,3.46,5.55,1241.98,1.7,2.63,219.7
2009-01-25 07:00:00,974.34,-0.48,274.72,-1.55,92.4,5.9,5.45,0.45,3.49,5.59,1242.13,0.49,1.0,153.2
2009-01-25 08:00:00,974.73,-0.77,274.39,-1.83,92.5,5.77,5.34,0.43,3.41,5.48,1244.0,0.62,1.63,167.3
2009-01-25 09:00:00,975.0,-0.26,274.88,-1.38,92.1,5.99,5.52,0.47,3.53,5.66,1241.94,0.84,1.5,185.2
2009-01-25 10:00:00,975.36,0.14,275.25,-1.32,89.9,6.17,5.55,0.62,3.54,5.69,1240.58,0.77,1.5,220.2
2009-01-25 11:00:00,975.24,1.49,276.63,-0.84,84.4,6.81,5.74,1.06,3.67,5.89,1234.21,0.88,2.0,165.0
2009-01-25 12:00:00,974.81,3.19,278.38,-0.45,76.9,7.68,5.91,1.78,3.78,6.06,1226.0,1.04,2.0,187.6
2009-01-25 13:00:00,974.25,5.06,280.3,-0.26,68.38,8.76,5.99,2.77,3.83,6.15,1217.04,2.56,3.63,154.5
2009-01-25 14:00:00,973.86,4.97,280.24,-1.77,61.59,8.71,5.36,3.35,3.43,5.51,1217.23,2.37,3.25,197.5
2009-01-25 15:00:00,973.77,5.28,280.56,-1.14,63.14,8.9,5.62,3.28,3.6,5.77,1215.65,2.09,3.5,169.3
2009-01-25 16:00:00,973.73,5.62,280.91,-1.36,60.65,9.11,5.53,3.59,3.54,5.68,1214.16,1.39,2.0,191.7
2009-01-25 17:00:00,973.78,3.37,278.64,-1.89,68.29,7.78,5.31,2.47,3.4,5.46,1224.21,1.26,1.75,230.5
2009-01-25 18:00:00,974.1,1.72,276.95,-2.02,76.1,6.92,5.26,1.65,3.37,5.4,1231.98,0.17,0.63,141.2
2009-01-25 19:00:00,974.42,0.27,275.47,-2.45,81.8,6.23,5.1,1.13,3.26,5.23,1238.98,0.37,0.63,71.9
2009-01-25 20:00:00,974.56,-0.86,274.31,-2.77,86.8,5.73,4.98,0.76,3.18,5.11,1244.39,0.14,0.38,166.1
2009-01-25 21:00:00,974.92,-1.76,273.38,-2.99,91.2,5.37,4.9,0.47,3.13,5.02,1248.98,0.63,1.25,231.2
2009-01-25 22:00:00,975.24,-2.3,272.81,-3.23,93.3,5.16,4.81,0.35,3.07,4.93,1251.93,0.25,0.75,192.9
2009-01-25 23:00:00,975.15,-2.79,272.33,-3.51,94.7,4.97,4.71,0.26,3.01,4.83,1254.13,0.17,0.75,137.9
2009-01-26 00:00:00,975.21,-3.28,271.83,-3.89,95.5,4.79,4.58,0.22,2.92,4.69,1256.56,1.28,2.0,210.9
2009-01-26 01:00:00,975.25,-3.31,271.79,-3.8,96.4,4.78,4.61,0.17,2.94,4.73,1256.75,0.31,0.88,128.1
2009-01-26 02:00:00,975.08,-3.69,271.42,-4.18,96.4,4.65,4.48,0.17,2.86,4.59,1258.38,0.24,0.5,157.3
2009-01-26 03:00:00,975.0,-4.29,270.83,-4.78,96.3,4.44,4.28,0.16,2.73,4.39,1261.14,0.04,0.5,153.1
2009-01-26 04:00:00,975.13,-4.21,270.89,-4.71,96.3,4.47,4.3,0.17,2.75,4.41,1260.95,0.2,0.5,92.9
2009-01-26 05:00:00,975.34,-4.73,270.35,-5.24,96.2,4.29,4.13,0.16,2.64,4.24,1263.75,0.66,1.25,153.0
2009-01-26 06:00:00,975.62,-5.13,269.93,-5.56,96.8,4.17,4.03,0.13,2.57,4.13,1266.05,0.94,1.38,148.6
2009-01-26 07:00:00,975.91,-5.58,269.46,-5.99,96.9,4.03,3.9,0.12,2.49,4.0,1268.59,0.53,1.0,43.52
2009-01-26 08:00:00,976.18,-5.77,269.24,-6.16,97.0,3.97,3.85,0.12,2.46,3.94,1269.88,1.15,2.13,5.5
2009-01-26 09:00:00,976.72,-5.58,269.39,-6.0,96.8,4.03,3.9,0.13,2.49,3.99,1269.65,1.25,2.13,338.5
2009-01-26 10:00:00,976.97,-4.95,270.0,-5.35,97.0,4.22,4.1,0.13,2.61,4.19,1266.92,2.57,3.75,357.8
2009-01-26 11:00:00,977.32,-3.99,270.94,-4.38,97.1,4.54,4.41,0.13,2.81,4.51,1262.68,2.64,3.63,5.38
2009-01-26 12:00:00,977.21,-3.08,271.87,-3.43,97.4,4.86,4.74,0.13,3.02,4.85,1258.14,2.16,2.88,12.98
2009-01-26 13:00:00,976.89,-2.57,272.4,-2.95,97.2,5.05,4.91,0.14,3.13,5.03,1255.28,1.95,2.63,9.01
2009-01-26 14:00:00,976.84,-2.5,272.48,-2.87,97.3,5.08,4.94,0.14,3.15,5.06,1254.88,2.49,3.25,19.34
2009-01-26 15:00:00,977.27,-2.56,272.38,-2.94,97.2,5.06,4.91,0.14,3.13,5.03,1255.72,2.4,3.25,8.94
2009-01-26 16:00:00,977.67,-2.6,272.32,-2.99,97.1,5.04,4.9,0.15,3.12,5.01,1256.4,3.39,4.38,14.93
2009-01-26 17:00:00,978.32,-2.43,272.43,-2.87,96.8,5.11,4.94,0.16,3.15,5.05,1256.45,2.27,3.13,45.19
2009-01-26 18:00:00,978.5,-2.18,272.67,-2.74,95.9,5.2,4.99,0.21,3.18,5.1,1255.49,1.35,2.63,40.0
2009-01-26 19:00:00,978.97,-1.88,272.93,-2.48,95.7,5.32,5.09,0.23,3.24,5.2,1254.68,0.86,1.75,338.1
2009-01-26 20:00:00,979.34,-1.59,273.2,-2.11,96.2,5.44,5.23,0.21,3.33,5.34,1253.72,2.17,3.5,33.2
2009-01-26 21:00:00,979.78,-1.5,273.26,-1.95,96.7,5.47,5.29,0.18,3.37,5.4,1253.83,1.58,2.38,39.95
2009-01-26 22:00:00,980.12,-1.3,273.43,-1.81,96.3,5.55,5.35,0.21,3.4,5.46,1253.32,1.25,1.88,22.89
2009-01-26 23:00:00,980.66,-1.1,273.58,-1.75,95.3,5.63,5.37,0.26,3.41,5.47,1253.11,1.17,1.63,33.58
2009-01-27 00:00:00,980.97,-1.14,273.52,-1.79,95.3,5.62,5.35,0.26,3.4,5.46,1253.67,0.5,1.25,18.44
2009-01-27 01:00:00,981.26,-1.17,273.46,-1.68,96.3,5.61,5.4,0.21,3.43,5.5,1254.17,1.41,2.25,46.28
2009-01-27 02:00:00,981.52,-1.27,273.35,-1.65,97.2,5.57,5.41,0.16,3.44,5.51,1254.95,2.14,2.88,12.25
2009-01-27 03:00:00,981.76,-1.2,273.39,-1.5,97.8,5.59,5.47,0.12,3.47,5.57,1254.93,0.93,1.75,46.43
2009-01-27 04:00:00,982.05,-1.17,273.4,-1.46,97.9,5.61,5.49,0.12,3.48,5.59,1255.14,1.2,1.88,33.94
2009-01-27 05:00:00,982.5,-1.14,273.4,-1.38,98.2,5.62,5.52,0.1,3.5,5.62,1255.55,0.77,1.25,33.48
2009-01-27 06:00:00,983.11,-1.09,273.4,-1.29,98.5,5.64,5.56,0.08,3.52,5.65,1256.07,1.78,2.75,36.94
2009-01-27 07:00:00,983.82,-1.1,273.34,-1.25,98.9,5.64,5.57,0.06,3.53,5.67,1257.02,1.98,2.88,30.32
2009-01-27 08:00:00,984.34,-1.1,273.29,-1.22,99.1,5.63,5.58,0.05,3.54,5.67,1257.71,3.19,4.38,12.93
2009-01-27 09:00:00,985.01,-1.16,273.18,-1.26,99.3,5.61,5.57,0.04,3.52,5.65,1258.85,3.02,4.0,35.88
2009-01-27 10:00:00,985.36,-1.16,273.15,-1.24,99.4,5.61,5.58,0.03,3.53,5.66,1259.28,3.0,4.63,16.1
2009-01-27 11:00:00,986.31,-1.23,273.01,-1.31,99.4,5.58,5.55,0.03,3.51,5.63,1260.83,2.72,3.88,36.79
2009-01-27 12:00:00,986.57,-1.29,272.92,-1.38,99.4,5.55,5.52,0.03,3.49,5.6,1261.49,2.6,4.13,20.64
2009-01-27 13:00:00,986.58,-1.37,272.85,-1.43,99.5,5.53,5.5,0.03,3.47,5.57,1261.84,2.5,3.88,29.14
2009-01-27 14:00:00,986.72,-1.3,272.9,-1.36,99.6,5.55,5.53,0.02,3.49,5.6,1261.71,1.95,2.88,26.33
2009-01-27 15:00:00,987.36,-1.36,272.79,-1.42,99.6,5.53,5.5,0.02,3.48,5.58,1262.82,2.59,4.38,21.25
2009-01-27 16:00:00,988.16,-1.43,272.66,-1.47,99.7,5.5,5.48,0.02,3.46,5.55,1264.17,3.29,4.5,17.92
2009-01-27 17:00:00,988.65,-1.45,272.6,-1.49,99.7,5.49,5.47,0.02,3.45,5.54,1264.9,3.94,5.13,24.22
2009-01-27 18:00:00,989.45,-1.5,272.49,-1.54,99.7,5.47,5.46,0.02,3.44,5.51,1266.14,2.71,3.88,17.34
2009-01-27 19:00:00,989.61,-1.63,272.34,-1.66,99.8,5.42,5.41,0.01,3.41,5.46,1267.0,2.37,3.75,40.85
2009-01-27 20:00:00,989.99,-1.7,272.25,-1.72,99.8,5.39,5.38,0.01,3.39,5.44,1267.81,2.73,3.5,16.0
2009-01-27 21:00:00,990.24,-1.75,272.18,-1.77,99.8,5.37,5.36,0.01,3.37,5.41,1268.37,2.56,3.75,37.47
2009-01-27 22:00:00,990.35,-1.7,272.22,-1.71,99.9,5.39,5.39,0.01,3.39,5.44,1268.27,2.44,3.13,16.62
2009-01-27 23:00:00,990.8,-1.63,272.25,-1.63,100.0,5.42,5.42,0.0,3.41,5.47,1268.52,1.68,2.38,40.01
2009-01-28 00:00:00,990.97,-1.68,272.19,-1.68,100.0,5.4,5.4,0.0,3.4,5.45,1268.98,0.0,0.0,0.0
2009-01-28 01:00:00,990.87,-1.63,272.24,-1.63,100.0,5.42,5.42,0.0,3.41,5.47,1268.63,0.0,0.0,0.0
2009-01-28 02:00:00,990.85,-1.69,272.18,-1.69,100.0,5.39,5.39,0.0,3.39,5.44,1268.89,0.0,0.0,0.0
2009-01-28 03:00:00,991.29,-1.69,272.15,-1.69,100.0,5.39,5.39,0.0,3.39,5.44,1269.46,0.0,0.0,0.0
2009-01-28 04:00:00,991.2,-1.93,271.92,-1.93,100.0,5.3,5.3,0.0,3.33,5.35,1270.48,0.0,0.0,0.0
2009-01-28 05:00:00,991.56,-2.44,271.38,-2.44,100.0,5.1,5.1,0.0,3.21,5.15,1273.45,0.0,0.0,0.0
2009-01-28 06:00:00,991.59,-2.7,271.12,-2.7,100.0,5.01,5.01,0.0,3.15,5.05,1274.75,0.0,0.0,0.0
2009-01-28 07:00:00,991.71,-2.83,270.97,-2.86,99.8,4.96,4.95,0.01,3.11,4.99,1275.56,0.0,0.0,0.0
2009-01-28 08:00:00,992.09,-2.77,271.01,-2.81,99.7,4.98,4.96,0.01,3.12,5.0,1275.75,0.0,0.0,0.0
2009-01-28 09:00:00,992.71,-2.84,270.89,-2.89,99.6,4.95,4.93,0.02,3.1,4.97,1276.9,0.0,0.0,0.0
2009-01-28 10:00:00,992.8,-2.96,270.76,-3.04,99.4,4.91,4.88,0.03,3.06,4.91,1277.61,0.0,0.0,0.0
2009-01-28 11:00:00,992.97,-2.91,270.8,-3.04,99.0,4.93,4.88,0.05,3.06,4.91,1277.57,0.0,0.0,0.0
2009-01-28 12:00:00,992.95,-2.64,271.07,-2.97,97.6,5.03,4.91,0.12,3.08,4.94,1276.29,0.0,0.0,0.0
2009-01-28 13:00:00,992.65,-2.43,271.3,-3.17,94.6,5.11,4.83,0.28,3.03,4.87,1274.93,0.0,0.0,0.0
2009-01-28 14:00:00,992.57,-2.36,271.38,-3.45,92.2,5.13,4.73,0.4,2.97,4.77,1274.57,0.0,0.0,0.0
2009-01-28 15:00:00,992.74,-2.41,271.32,-3.55,91.8,5.12,4.7,0.42,2.95,4.73,1275.0,0.0,0.0,0.0
2009-01-28 16:00:00,992.92,-2.45,271.26,-3.5,92.4,5.1,4.71,0.39,2.96,4.75,1275.42,0.0,0.0,0.0
2009-01-28 17:00:00,993.82,-2.43,271.21,-3.57,91.8,5.11,4.69,0.42,2.94,4.72,1276.51,0.0,0.0,0.0
2009-01-28 18:00:00,994.28,-2.48,271.13,-3.81,90.5,5.09,4.6,0.48,2.89,4.63,1277.37,0.0,0.0,0.0
2009-01-28 19:00:00,994.42,-2.43,271.16,-3.7,90.9,5.11,4.64,0.46,2.91,4.67,1277.3,0.0,0.0,0.0
2009-01-28 20:00:00,994.51,-2.61,270.98,-3.81,91.4,5.04,4.61,0.43,2.89,4.63,1278.28,0.0,0.0,0.0
2009-01-28 21:00:00,994.53,-2.94,270.64,-3.71,94.4,4.91,4.64,0.28,2.91,4.66,1279.88,0.0,0.0,0.0
2009-01-28 22:00:00,994.81,-3.1,270.47,-3.93,93.9,4.86,4.56,0.3,2.86,4.59,1280.99,0.0,0.0,0.0
2009-01-28 23:00:00,995.12,-2.9,270.64,-4.09,91.4,4.93,4.51,0.42,2.82,4.53,1280.48,0.0,0.0,0.0
2009-01-29 00:00:00,995.05,-2.74,270.8,-4.29,89.0,4.99,4.44,0.55,2.78,4.46,1279.68,0.0,0.0,0.0
2009-01-29 01:00:00,995.23,-2.63,270.91,-4.48,87.0,5.03,4.38,0.65,2.74,4.4,1279.4,0.0,0.0,0.0
2009-01-29 02:00:00,995.27,-2.61,270.91,-4.54,86.5,5.04,4.36,0.68,2.73,4.38,1279.4,0.0,0.0,0.0
2009-01-29 03:00:00,995.39,-2.41,271.11,-4.47,85.7,5.11,4.38,0.73,2.74,4.4,1278.6,0.0,0.0,0.0
2009-01-29 04:00:00,995.05,-2.73,270.82,-4.18,89.7,4.99,4.48,0.51,2.8,4.5,1279.61,0.0,0.0,0.0
2009-01-29 05:00:00,995.32,-2.96,270.56,-3.89,93.3,4.91,4.58,0.33,2.87,4.6,1281.02,0.0,0.0,0.0
2009-01-29 06:00:00,995.7,-3.14,270.35,-3.92,94.3,4.84,4.57,0.28,2.86,4.59,1282.37,0.0,0.0,0.0
2009-01-29 07:00:00,995.88,-3.36,270.12,-4.05,94.9,4.76,4.52,0.24,2.83,4.54,1283.64,3.39,4.38,28.67
2009-01-29 08:00:00,996.14,-3.23,270.23,-3.97,94.6,4.81,4.55,0.26,2.85,4.57,1283.36,2.77,3.5,16.52
2009-01-29 09:00:00,996.64,-3.07,270.35,-3.87,94.2,4.87,4.59,0.28,2.87,4.6,1283.23,2.53,3.88,32.85
2009-01-29 10:00:00,996.86,-2.63,270.77,-4.07,89.8,5.03,4.52,0.51,2.82,4.53,1281.46,1.94,3.38,40.66
2009-01-29 11:00:00,997.14,-2.36,271.02,-3.96,88.7,5.13,4.55,0.58,2.85,4.57,1280.51,2.19,3.0,42.61
2009-01-29 12:00:00,997.23,-1.9,271.48,-4.01,85.4,5.31,4.54,0.78,2.83,4.55,1278.45,2.4,4.5,64.65
2009-01-29 13:00:00,996.95,-1.93,271.47,-3.9,86.3,5.3,4.57,0.73,2.86,4.59,1278.24,2.1,3.75,81.9
2009-01-29 14:00:00,996.62,-1.9,271.52,-3.87,86.3,5.31,4.58,0.73,2.87,4.6,1277.66,1.86,3.38,63.94
2009-01-29 15:00:00,997.11,-1.86,271.53,-3.91,85.8,5.33,4.57,0.76,2.86,4.58,1278.11,1.79,3.63,65.63
2009-01-29 16:00:00,997.23,-1.74,271.63,-3.72,86.3,5.37,4.64,0.74,2.9,4.65,1277.68,1.91,4.25,62.53
2009-01-29 17:00:00,997.6,-1.96,271.39,-3.9,86.5,5.29,4.57,0.71,2.86,4.58,1279.22,2.81,4.88,49.14
2009-01-29 18:00:00,998.03,-1.96,271.36,-3.83,86.9,5.29,4.6,0.69,2.87,4.61,1279.73,1.57,3.25,91.4
2009-01-29 19:00:00,998.32,-1.91,271.38,-3.68,87.6,5.31,4.65,0.66,2.9,4.66,1279.86,1.49,2.63,53.88
2009-01-29 20:00:00,998.36,-1.94,271.35,-3.68,87.8,5.3,4.65,0.65,2.9,4.66,1280.06,1.59,3.25,88.8
2009-01-29 21:00:00,998.58,-2.1,271.17,-3.91,87.3,5.23,4.57,0.66,2.85,4.58,1281.12,1.67,3.13,93.3
2009-01-29 22:00:00,998.71,-2.16,271.1,-4.24,85.6,5.21,4.46,0.75,2.78,4.46,1281.66,2.41,4.63,70.9
2009-01-29 23:00:00,998.79,-1.99,271.26,-4.44,83.2,5.28,4.39,0.89,2.74,4.39,1280.98,2.06,3.63,80.0
2009-01-30 00:00:00,998.82,-1.96,271.29,-4.5,82.7,5.29,4.37,0.91,2.73,4.38,1280.9,1.55,3.5,76.2
2009-01-30 01:00:00,998.88,-1.96,271.29,-4.78,80.9,5.29,4.28,1.01,2.67,4.28,1281.01,1.77,3.38,83.4
2009-01-30 02:00:00,998.95,-1.96,271.28,-5.03,79.4,5.29,4.2,1.09,2.62,4.2,1281.14,1.45,2.75,69.55
2009-01-30 03:00:00,998.98,-2.1,271.14,-5.11,79.7,5.23,4.17,1.06,2.6,4.18,1281.82,1.6,2.88,74.9
2009-01-30 04:00:00,998.83,-2.19,271.06,-5.24,79.5,5.2,4.13,1.07,2.58,4.14,1282.11,2.07,3.75,100.2
2009-01-30 05:00:00,998.85,-2.3,270.95,-5.16,80.6,5.16,4.16,1.0,2.59,4.16,1282.62,1.36,2.5,65.5
2009-01-30 06:00:00,998.83,-2.55,270.7,-5.35,81.0,5.06,4.1,0.96,2.56,4.1,1283.84,2.45,3.75,105.6
2009-01-30 07:00:00,998.89,-2.58,270.66,-5.36,81.1,5.05,4.09,0.95,2.55,4.1,1284.04,1.81,3.75,65.11
2009-01-30 08:00:00,999.45,-2.72,270.48,-5.49,81.1,5.0,4.05,0.94,2.53,4.05,1285.45,1.68,3.63,62.7
2009-01-30 09:00:00,999.74,-3.03,270.15,-5.78,81.2,4.88,3.96,0.92,2.47,3.97,1287.34,1.98,3.38,49.3
2009-01-30 10:00:00,999.83,-2.97,270.21,-5.76,80.9,4.91,3.97,0.94,2.47,3.97,1287.14,2.52,3.75,110.5
2009-01-30 11:00:00,999.92,-2.9,270.27,-6.02,78.9,4.93,3.89,1.04,2.42,3.89,1286.97,2.78,4.75,70.2
2009-01-30 12:00:00,999.94,-2.79,270.37,-5.91,79.0,4.97,3.93,1.04,2.45,3.93,1286.49,2.18,3.63,62.08
2009-01-30 13:00:00,999.41,-2.58,270.62,-5.83,78.2,5.05,3.95,1.1,2.46,3.95,1284.79,1.89,3.25,62.33
2009-01-30 14:00:00,998.83,-2.34,270.91,-5.57,78.4,5.14,4.03,1.11,2.51,4.03,1282.87,1.83,3.5,53.95
2009-01-30 15:00:00,998.53,-2.45,270.83,-5.47,79.6,5.1,4.06,1.04,2.53,4.07,1282.96,3.34,7.63,50.08
2009-01-30 16:00:00,998.56,-2.36,270.91,-5.39,79.6,5.13,4.09,1.05,2.55,4.09,1282.58,2.07,3.63,82.9
2009-01-30 17:00:00,998.8,-2.2,271.05,-5.73,76.6,5.19,3.98,1.22,2.48,3.98,1282.17,1.94,4.13,79.5
2009-01-30 18:00:00,998.83,-2.03,271.22,-5.51,76.9,5.26,4.05,1.22,2.52,4.05,1281.38,1.89,3.75,72.2
2009-01-30 19:00:00,998.71,-1.9,271.36,-5.38,76.9,5.31,4.09,1.23,2.55,4.09,1280.57,1.93,3.38,81.3
2009-01-30 20:00:00,998.63,-2.17,271.1,-4.73,82.5,5.21,4.3,0.91,2.68,4.3,1281.64,2.4,3.13,38.61
2009-01-30 21:00:00,998.34,-2.5,270.79,-4.26,87.6,5.08,4.45,0.63,2.78,4.46,1282.76,3.25,3.88,31.42
2009-01-30 22:00:00,998.13,-2.5,270.81,-4.12,88.5,5.08,4.5,0.58,2.81,4.5,1282.48,2.52,3.63,31.43
2009-01-30 23:00:00,997.85,-2.48,270.85,-4.17,88.1,5.09,4.48,0.61,2.8,4.49,1282.02,2.73,3.75,40.8
2009-01-31 00:00:00,997.42,-2.48,270.88,-4.05,88.9,5.09,4.52,0.56,2.82,4.53,1281.48,2.11,2.63,29.18
2009-01-31 01:00:00,997.13,-2.43,270.95,-3.79,90.3,5.11,4.61,0.5,2.88,4.62,1280.81,1.6,2.5,36.07
2009-01-31 02:00:00,996.77,-2.47,270.94,-3.65,91.6,5.09,4.66,0.43,2.91,4.68,1280.53,1.91,2.75,36.99
2009-01-31 03:00:00,996.64,-2.43,270.99,-3.47,92.5,5.11,4.72,0.38,2.95,4.74,1280.13,1.23,1.88,41.13
2009-01-31 04:00:00,996.43,-2.34,271.1,-3.43,92.2,5.14,4.74,0.4,2.96,4.76,1279.43,1.59,2.75,58.17
2009-01-31 05:00:00,996.17,-2.29,271.17,-3.27,92.9,5.16,4.79,0.37,3.0,4.81,1278.8,1.24,2.38,55.65
2009-01-31 06:00:00,995.97,-2.23,271.24,-3.14,93.4,5.18,4.84,0.34,3.03,4.86,1278.26,1.76,3.0,48.54
2009-01-31 07:00:00,995.87,-2.24,271.24,-3.14,93.5,5.18,4.84,0.34,3.03,4.86,1278.16,1.94,4.0,60.29
2009-01-31 08:00:00,995.88,-2.05,271.43,-3.04,92.9,5.25,4.88,0.37,3.05,4.9,1277.29,2.14,3.88,52.35
2009-01-31 09:00:00,995.66,-1.91,271.59,-3.15,91.2,5.31,4.84,0.47,3.03,4.86,1276.36,1.58,2.75,46.73
2009-01-31 10:00:00,995.38,-1.76,271.76,-3.16,90.1,5.37,4.83,0.53,3.03,4.86,1275.31,1.94,3.25,43.07
2009-01-31 11:00:00,995.39,-1.54,271.98,-2.94,90.1,5.46,4.92,0.54,3.08,4.94,1274.21,2.9,3.75,29.01
2009-01-31 12:00:00,994.94,-1.47,272.08,-2.58,92.1,5.48,5.05,0.43,3.16,5.08,1273.27,3.61,4.38,29.54
2009-01-31 13:00:00,994.31,-1.1,272.51,-2.31,91.4,5.64,5.15,0.48,3.23,5.18,1270.67,2.73,4.25,37.44
2009-01-31 14:00:00,993.68,-0.87,272.79,-3.17,84.3,5.73,4.83,0.9,3.03,4.86,1268.94,2.6,4.25,54.61
2009-01-31 15:00:00,993.37,-1.19,272.49,-3.1,86.8,5.6,4.86,0.74,3.05,4.89,1270.04,5.26,7.0,33.7
2009-01-31 16:00:00,993.37,-1.59,272.09,-3.61,86.0,5.43,4.67,0.76,2.93,4.7,1272.0,3.2,6.75,46.85
2009-01-31 17:00:00,993.35,-1.63,272.05,-5.7,73.6,5.42,3.99,1.43,2.5,4.02,1272.49,3.97,6.63,47.06
2009-01-31 18:00:00,993.1,-1.83,271.87,-5.61,75.2,5.34,4.02,1.32,2.52,4.04,1273.08,2.28,4.0,49.48
2009-01-31 19:00:00,992.7,-2.09,271.64,-5.08,79.9,5.24,4.18,1.05,2.63,4.21,1273.73,3.6,4.63,32.86
2009-01-31 20:00:00,992.07,-2.35,271.43,-4.45,85.4,5.14,4.39,0.75,2.75,4.42,1274.03,2.44,3.88,31.97
2009-01-31 21:00:00,991.45,-2.49,271.34,-3.97,89.5,5.08,4.55,0.53,2.86,4.59,1273.79,1.3,1.88,20.11
2009-01-31 22:00:00,990.9,-2.43,271.44,-3.66,91.2,5.11,4.66,0.45,2.93,4.7,1272.77,3.75,5.63,22.54
2009-01-31 23:00:00,990.39,-2.73,271.17,-4.37,88.4,4.99,4.41,0.58,2.78,4.46,1273.66,4.65,6.75,28.29
2009-02-01 00:00:00,989.86,-2.97,270.98,-5.04,85.5,4.91,4.19,0.71,2.64,4.24,1274.18,4.57,6.5,32.4
2009-02-01 01:00:00,989.11,-3.2,270.81,-5.3,85.3,4.82,4.11,0.71,2.59,4.16,1274.35,5.29,6.88,32.19
2009-02-01 02:00:00,988.61,-3.43,270.61,-6.53,79.0,4.74,3.74,0.99,2.36,3.79,1274.98,3.52,5.25,20.31
2009-02-01 03:00:00,987.99,-3.53,270.56,-6.12,82.1,4.7,3.86,0.84,2.43,3.91,1274.6,2.86,3.75,31.01
2009-02-01 04:00:00,987.23,-3.68,270.47,-6.16,82.8,4.65,3.85,0.8,2.43,3.9,1274.32,2.88,4.0,41.99
2009-02-01 05:00:00,986.92,-3.95,270.23,-5.94,85.9,4.56,3.91,0.64,2.47,3.97,1275.16,1.27,2.0,66.81
2009-02-01 06:00:00,986.39,-4.19,270.03,-5.5,90.5,4.48,4.05,0.43,2.56,4.11,1275.54,2.85,3.75,33.81
2009-02-01 07:00:00,986.36,-4.41,269.81,-5.14,94.6,4.4,4.16,0.24,2.63,4.22,1276.5,2.58,3.88,34.57
2009-02-01 08:00:00,986.55,-4.15,270.05,-5.92,87.4,4.49,3.92,0.57,2.48,3.97,1275.66,1.65,3.0,80.5
2009-02-01 09:00:00,986.55,-4.37,269.84,-6.42,85.5,4.42,3.78,0.64,2.38,3.83,1276.73,2.57,5.5,39.64
2009-02-01 10:00:00,986.63,-3.8,270.4,-5.97,84.8,4.61,3.91,0.7,2.47,3.96,1274.09,3.64,6.0,43.3
2009-02-01 11:00:00,986.58,-3.5,270.71,-5.81,83.9,4.71,3.96,0.76,2.5,4.01,1272.57,4.82,8.5,45.41
2009-02-01 12:00:00,986.24,-3.09,271.15,-5.45,83.6,4.86,4.06,0.8,2.57,4.12,1270.14,4.62,7.5,46.05
2009-02-01 13:00:00,985.71,-2.97,271.31,-5.9,80.1,4.9,3.93,0.98,2.48,3.99,1268.97,5.17,8.0,43.69
2009-02-01 14:00:00,984.95,-2.75,271.59,-5.91,78.7,4.99,3.92,1.06,2.48,3.98,1266.96,3.38,5.25,45.28
2009-02-01 15:00:00,984.68,-2.82,271.53,-6.08,78.1,4.96,3.87,1.09,2.45,3.93,1266.98,5.58,8.0,45.01
2009-02-01 16:00:00,984.43,-2.73,271.65,-6.26,76.5,4.99,3.82,1.17,2.42,3.88,1266.24,5.91,9.38,42.87
2009-02-01 17:00:00,984.46,-3.06,271.31,-6.2,78.8,4.87,3.84,1.03,2.43,3.9,1267.85,6.13,9.25,45.52
2009-02-01 18:00:00,984.55,-3.27,271.09,-6.18,80.2,4.79,3.85,0.95,2.43,3.91,1268.95,5.17,9.88,51.66
2009-02-01 19:00:00,984.12,-3.36,271.03,-6.22,80.5,4.76,3.83,0.93,2.43,3.9,1268.83,5.72,9.63,49.72
2009-02-01 20:00:00,983.68,-3.29,271.14,-5.98,81.5,4.79,3.9,0.89,2.47,3.97,1267.88,5.29,9.13,42.24
2009-02-01 21:00:00,983.43,-2.9,271.56,-5.22,83.9,4.93,4.14,0.79,2.62,4.21,1265.6,3.93,7.0,52.9
2009-02-01 22:00:00,983.11,-2.75,271.73,-4.8,85.7,4.99,4.27,0.71,2.71,4.35,1264.43,4.6,7.13,45.38
2009-02-01 23:00:00,982.98,-2.58,271.91,-4.48,86.7,5.05,4.38,0.67,2.77,4.45,1263.43,3.32,6.38,47.53
2009-02-02 00:00:00,982.74,-2.54,271.97,-4.33,87.4,5.07,4.43,0.64,2.81,4.51,1262.88,3.43,5.13,38.57
2009-02-02 01:00:00,982.48,-2.28,272.26,-4.53,84.4,5.17,4.36,0.81,2.76,4.44,1261.36,3.75,4.88,34.54
2009-02-02 02:00:00,982.11,-2.36,272.2,-5.06,81.6,5.13,4.19,0.94,2.66,4.26,1261.38,3.58,4.63,31.39
2009-02-02 03:00:00,981.98,-2.51,272.06,-5.58,79.3,5.07,4.02,1.05,2.55,4.1,1261.99,1.73,3.88,41.37
2009-02-02 04:00:00,981.82,-2.85,271.73,-5.8,80.0,4.95,3.96,0.99,2.51,4.03,1263.39,0.75,1.63,60.77
2009-02-02 05:00:00,981.77,-3.3,271.28,-5.91,82.0,4.79,3.92,0.86,2.49,4.0,1265.44,1.04,1.63,144.0
2009-02-02 06:00:00,981.76,-3.79,270.79,-6.1,83.9,4.61,3.87,0.74,2.45,3.94,1267.76,0.53,1.13,210.2
2009-02-02 07:00:00,981.63,-4.48,270.11,-6.44,86.1,4.38,3.77,0.61,2.39,3.84,1270.89,0.51,1.25,9.41
2009-02-02 08:00:00,982.13,-5.01,269.54,-6.64,88.2,4.21,3.71,0.5,2.35,3.78,1274.07,0.2,0.63,328.5
2009-02-02 09:00:00,982.45,-3.8,270.73,-6.02,84.5,4.61,3.89,0.71,2.47,3.96,1268.7,0.28,0.88,144.8
2009-02-02 10:00:00,982.0,-1.66,272.92,-5.19,76.7,5.41,4.15,1.26,2.63,4.22,1257.99,0.5,1.0,102.3
2009-02-02 11:00:00,981.69,-0.64,273.97,-4.67,74.0,5.83,4.31,1.52,2.74,4.39,1252.8,1.14,1.63,169.5
2009-02-02 12:00:00,980.78,0.43,275.11,-3.75,73.4,6.3,4.63,1.68,2.94,4.72,1246.59,0.96,1.5,174.2
2009-02-02 13:00:00,980.17,2.27,277.02,-2.68,69.65,7.2,5.01,2.18,3.19,5.11,1237.3,1.32,2.25,183.8
2009-02-02 14:00:00,979.3,2.98,277.79,-2.28,68.23,7.57,5.16,2.4,3.29,5.27,1232.97,1.25,2.25,146.7
2009-02-02 15:00:00,978.53,3.71,278.59,-1.32,69.56,7.97,5.55,2.43,3.53,5.67,1228.56,2.92,5.88,74.2
2009-02-02 16:00:00,977.78,2.87,277.81,-1.56,72.5,7.51,5.45,2.07,3.47,5.57,1231.39,2.77,5.13,77.8
2009-02-02 17:00:00,977.34,2.2,277.17,-1.53,76.2,7.16,5.46,1.7,3.48,5.58,1233.82,2.61,4.75,61.7
2009-02-02 18:00:00,977.67,1.48,276.42,-1.49,80.5,6.8,5.47,1.33,3.49,5.6,1237.46,1.23,2.13,48.19
2009-02-02 19:00:00,977.57,1.03,275.98,-1.56,82.7,6.58,5.45,1.14,3.47,5.57,1239.38,1.04,1.88,65.67
2009-02-02 20:00:00,977.22,0.38,275.35,-1.77,85.4,6.28,5.36,0.92,3.42,5.49,1241.94,1.71,2.38,352.4
2009-02-02 21:00:00,977.22,0.21,275.18,-1.69,87.0,6.2,5.4,0.81,3.44,5.52,1242.68,1.49,2.38,10.14
2009-02-02 22:00:00,976.96,-0.17,274.81,-1.89,88.1,6.03,5.31,0.72,3.39,5.44,1244.14,0.3,0.88,143.4
2009-02-02 23:00:00,976.59,-0.6,274.42,-1.85,91.2,5.85,5.33,0.51,3.4,5.46,1245.59,0.4,0.88,244.8
2009-02-03 00:00:00,976.35,-0.9,274.13,-2.11,91.4,5.72,5.23,0.49,3.34,5.35,1246.71,0.1,0.63,101.4
2009-02-03 01:00:00,975.96,-1.79,273.26,-2.71,93.4,5.35,5.0,0.35,3.19,5.12,1250.43,0.19,0.75,152.2
2009-02-03 02:00:00,975.51,-2.07,273.02,-2.73,95.2,5.25,4.99,0.25,3.19,5.12,1251.13,0.67,1.13,17.33
2009-02-03 03:00:00,975.08,-2.48,272.64,-3.07,95.7,5.09,4.87,0.22,3.11,4.99,1252.54,0.26,0.88,234.9
2009-02-03 04:00:00,974.84,-2.73,272.41,-3.24,96.2,4.99,4.8,0.19,3.07,4.93,1253.4,0.13,0.5,78.6
2009-02-03 05:00:00,974.64,-2.85,272.31,-3.34,96.4,4.95,4.77,0.18,3.05,4.9,1253.72,0.39,1.75,21.75
2009-02-03 06:00:00,974.46,-2.8,272.36,-3.32,96.2,4.97,4.78,0.19,3.05,4.9,1253.29,0.21,0.5,138.8
2009-02-03 07:00:00,974.42,-2.98,272.19,-3.51,96.1,4.9,4.71,0.19,3.01,4.83,1254.08,0.33,0.75,90.7
2009-02-03 08:00:00,974.66,-3.28,271.87,-3.89,95.5,4.79,4.58,0.22,2.93,4.7,1255.85,0.26,0.63,198.2
2009-02-03 09:00:00,974.34,-2.02,273.16,-2.9,93.7,5.26,4.93,0.33,3.15,5.06,1249.46,0.36,0.63,45.5
2009-02-03 10:00:00,974.33,-0.97,274.22,-2.5,89.3,5.69,5.08,0.61,3.25,5.21,1244.55,0.13,0.38,122.5
2009-02-03 11:00:00,974.26,0.41,275.62,-1.82,84.9,6.29,5.34,0.95,3.42,5.49,1238.02,0.23,0.75,83.4
2009-02-03 12:00:00,974.14,1.19,276.41,-1.09,84.7,6.66,5.64,1.02,3.61,5.79,1234.22,0.28,0.63,174.8
2009-02-03 13:00:00,973.78,3.07,278.34,-0.22,78.9,7.62,6.01,1.61,3.85,6.17,1225.19,0.44,0.88,128.2
2009-02-03 14:00:00,973.37,3.96,279.27,0.13,76.0,8.11,6.17,1.95,3.95,6.34,1220.67,0.81,1.88,12.2
2009-02-03 15:00:00,972.69,7.64,283.03,1.13,63.26,10.48,6.63,3.85,4.25,6.81,1203.61,0.94,1.38,207.7
2009-02-03 16:00:00,972.57,5.57,280.96,0.5,69.73,9.08,6.33,2.75,4.06,6.51,1212.54,0.44,1.13,204.8
2009-02-03 17:00:00,972.54,4.46,279.84,0.25,74.0,8.4,6.22,2.19,3.99,6.4,1217.4,0.34,0.63,70.0
2009-02-03 18:00:00,972.5,2.65,278.02,-0.15,81.7,7.4,6.04,1.35,3.87,6.21,1225.42,0.68,1.0,46.95
2009-02-03 19:00:00,972.66,1.49,276.83,-0.56,86.2,6.8,5.86,0.94,3.76,6.03,1230.91,0.25,0.63,127.7
2009-02-03 20:00:00,972.79,0.04,275.37,-1.26,90.9,6.13,5.57,0.56,3.57,5.73,1237.71,1.85,2.38,240.6
2009-02-03 21:00:00,972.77,-0.73,274.59,-1.68,93.2,5.79,5.4,0.39,3.46,5.55,1241.28,0.44,0.88,182.5
2009-02-03 22:00:00,972.85,-1.67,273.63,-2.38,94.9,5.4,5.13,0.28,3.28,5.27,1245.83,0.68,1.13,218.3
2009-02-03 23:00:00,972.77,-2.13,273.18,-2.68,96.0,5.22,5.01,0.21,3.21,5.15,1247.9,0.77,1.13,217.0
2009-02-04 00:00:00,972.68,-2.64,272.67,-3.06,96.9,5.03,4.87,0.16,3.12,5.01,1250.2,0.11,0.5,137.6
2009-02-04 01:00:00,972.38,-2.99,272.35,-3.38,97.1,4.9,4.76,0.14,3.05,4.89,1251.46,0.19,0.63,199.9
2009-02-04 02:00:00,972.3,-3.41,271.92,-3.75,97.5,4.74,4.63,0.12,2.96,4.76,1253.41,0.59,1.13,184.5
2009-02-04 03:00:00,972.42,-3.83,271.49,-4.14,97.7,4.6,4.49,0.11,2.88,4.62,1255.58,0.77,1.25,210.2
2009-02-04 04:00:00,972.35,-4.17,271.15,-4.45,97.9,4.48,4.39,0.09,2.81,4.51,1257.13,0.68,1.25,216.5
2009-02-04 05:00:00,972.04,-4.4,270.94,-4.67,98.0,4.4,4.31,0.09,2.77,4.44,1257.84,0.68,1.38,213.5
2009-02-04 06:00:00,971.96,-4.72,270.64,-5.0,97.9,4.3,4.21,0.09,2.7,4.33,1259.25,1.1,1.5,202.9
2009-02-04 07:00:00,972.01,-4.79,270.56,-5.02,98.2,4.28,4.2,0.08,2.69,4.32,1259.64,0.95,1.88,187.0
2009-02-04 08:00:00,972.21,-4.83,270.5,-5.08,98.1,4.26,4.18,0.08,2.68,4.3,1260.11,0.58,1.0,223.0
2009-02-04 09:00:00,972.53,-4.8,270.51,-5.09,97.8,4.27,4.18,0.09,2.68,4.3,1260.38,0.68,1.13,220.2
2009-02-04 10:00:00,972.52,-3.14,272.18,-3.52,97.2,4.84,4.71,0.14,3.02,4.84,1252.4,0.43,1.5,113.2
2009-02-04 11:00:00,972.5,-1.39,273.95,-1.97,95.8,5.52,5.28,0.23,3.39,5.43,1244.01,0.37,0.88,95.3
2009-02-04 12:00:00,972.16,0.35,275.73,-0.81,91.9,6.27,5.76,0.51,3.69,5.92,1235.44,0.74,1.38,130.4
2009-02-04 13:00:00,971.85,4.31,279.74,0.52,76.3,8.32,6.34,1.97,4.07,6.53,1217.15,0.67,1.63,143.9
2009-02-04 14:00:00,971.37,4.32,279.8,0.15,74.2,8.32,6.18,2.15,3.96,6.36,1216.55,1.63,2.38,35.73
2009-02-04 15:00:00,971.1,4.43,279.93,0.49,75.5,8.39,6.33,2.05,4.07,6.52,1215.68,2.07,2.63,20.57
2009-02-04 16:00:00,971.04,3.67,279.16,0.29,78.5,7.95,6.24,1.71,4.01,6.42,1219.0,0.9,1.63,345.9
2009-02-04 17:00:00,971.22,1.93,277.39,-0.21,85.7,7.02,6.02,1.0,3.86,6.2,1227.04,1.11,1.75,342.0
2009-02-04 18:00:00,971.81,1.08,276.49,-0.51,89.1,6.61,5.89,0.72,3.78,6.06,1231.65,0.8,1.75,9.84
2009-02-04 19:00:00,971.93,0.22,275.61,-1.18,90.3,6.2,5.6,0.6,3.59,5.76,1235.83,0.34,0.75,32.93
2009-02-04 20:00:00,972.17,0.07,275.45,-1.07,92.0,6.14,5.65,0.49,3.62,5.81,1236.76,0.22,0.75,132.4
2009-02-04 21:00:00,972.51,-0.38,274.97,-1.33,93.2,5.94,5.54,0.4,3.55,5.7,1239.27,0.83,1.5,211.8
2009-02-04 22:00:00,972.52,-0.28,275.07,-0.99,94.9,5.99,5.68,0.31,3.64,5.84,1238.77,1.31,2.63,194.2
2009-02-04 23:00:00,972.42,-0.04,275.31,-0.64,95.7,6.09,5.83,0.26,3.74,5.99,1237.51,1.08,1.88,211.5
2009-02-05 00:00:00,972.48,0.78,276.14,0.19,95.8,6.47,6.19,0.27,3.97,6.37,1233.68,1.32,2.0,188.5
2009-02-05 01:00:00,972.65,0.17,275.5,-0.41,95.9,6.18,5.93,0.25,3.8,6.1,1236.81,1.26,3.0,135.2
2009-02-05 02:00:00,972.45,-0.3,275.04,-0.68,97.3,5.97,5.81,0.16,3.73,5.98,1238.74,1.59,2.38,188.0
2009-02-05 03:00:00,972.85,0.08,275.4,-0.22,97.8,6.14,6.01,0.14,3.85,6.18,1237.4,1.51,2.25,204.1
2009-02-05 04:00:00,972.72,-0.36,274.96,-0.67,97.8,5.95,5.82,0.13,3.73,5.98,1239.36,1.96,2.75,201.7
2009-02-05 05:00:00,972.65,-1.04,274.28,-1.3,98.1,5.66,5.55,0.11,3.56,5.71,1242.49,2.2,3.5,161.7
2009-02-05 06:00:00,972.42,-1.1,274.24,-1.31,98.5,5.63,5.55,0.08,3.56,5.71,1242.47,1.49,2.25,202.3
2009-02-05 07:00:00,972.48,-1.46,273.88,-1.68,98.4,5.49,5.4,0.09,3.46,5.55,1244.26,2.14,2.88,205.7
2009-02-05 08:00:00,972.43,-1.23,274.11,-1.45,98.4,5.58,5.49,0.09,3.52,5.65,1243.1,2.16,3.38,187.2
2009-02-05 09:00:00,972.32,0.52,275.89,-0.3,94.2,6.35,5.98,0.37,3.83,6.15,1234.75,1.1,2.0,194.9
2009-02-05 10:00:00,972.59,0.74,276.09,-0.69,90.1,6.45,5.81,0.64,3.72,5.97,1234.2,1.96,3.25,161.4
2009-02-05 11:00:00,972.36,2.1,277.47,-0.17,84.9,7.11,6.03,1.07,3.87,6.21,1227.72,1.79,3.13,148.6
2009-02-05 12:00:00,972.18,4.01,279.42,0.71,79.0,8.14,6.43,1.71,4.13,6.62,1218.82,1.5,2.25,151.9
2009-02-05 13:00:00,971.72,5.38,280.83,1.1,73.8,8.96,6.61,2.35,4.24,6.81,1212.19,1.44,2.38,145.0
2009-02-05 14:00:00,970.92,6.3,281.83,1.02,68.82,9.55,6.58,2.98,4.22,6.77,1207.21,2.46,3.38,168.2
2009-02-05 15:00:00,971.08,6.34,281.86,1.33,70.2,9.58,6.73,2.86,4.32,6.93,1207.14,1.74,2.38,188.6
2009-02-05 16:00:00,971.28,5.35,280.84,1.46,75.9,8.95,6.79,2.16,4.36,6.99,1211.66,2.38,3.38,179.7
2009-02-05 17:00:00,971.19,4.38,279.87,0.79,77.4,8.36,6.47,1.89,4.15,6.66,1215.95,2.11,3.88,212.3
2009-02-05 18:00:00,971.68,4.77,280.22,-0.42,68.96,8.59,5.92,2.67,3.8,6.09,1215.13,3.12,3.88,195.1
2009-02-05 19:00:00,971.74,4.14,279.58,-0.44,72.0,8.22,5.92,2.3,3.8,6.09,1217.96,1.21,2.38,141.3
2009-02-05 20:00:00,971.38,2.92,278.38,-0.78,76.5,7.54,5.77,1.77,3.7,5.94,1222.94,2.56,3.13,180.3
2009-02-05 21:00:00,971.61,1.77,277.2,-1.11,81.1,6.94,5.63,1.31,3.61,5.79,1228.44,1.48,2.13,204.1
2009-02-05 22:00:00,971.63,0.58,276.0,-1.43,86.3,6.37,5.5,0.87,3.53,5.66,1233.85,2.02,2.88,198.7
2009-02-05 23:00:00,971.51,0.3,275.73,-1.4,88.3,6.24,5.51,0.73,3.54,5.67,1234.97,1.99,3.38,175.4
2009-02-06 00:00:00,971.67,0.78,276.2,-1.1,87.2,6.46,5.64,0.83,3.62,5.8,1232.94,1.89,2.75,190.2
2009-02-06 01:00:00,971.09,0.53,275.99,-1.14,88.5,6.35,5.62,0.73,3.61,5.78,1233.34,1.56,2.5,215.2
2009-02-06 02:00:00,970.97,-0.61,274.86,-1.88,91.1,5.84,5.32,0.52,3.42,5.48,1238.48,2.38,3.5,175.2
2009-02-06 03:00:00,970.74,-1.13,274.35,-2.05,93.4,5.62,5.25,0.37,3.37,5.41,1240.58,2.09,3.13,207.6
2009-02-06 04:00:00,970.65,-0.79,274.71,-1.86,92.4,5.77,5.33,0.44,3.42,5.49,1238.86,2.53,3.38,208.5
2009-02-06 05:00:00,970.53,-0.42,275.08,-1.63,91.5,5.92,5.42,0.5,3.48,5.58,1237.02,2.41,3.5,194.0
2009-02-06 06:00:00,970.33,-0.44,275.08,-1.76,90.7,5.92,5.37,0.55,3.45,5.53,1236.85,1.56,3.38,195.8
2009-02-06 07:00:00,970.21,-0.1,275.44,-1.62,89.4,6.07,5.42,0.64,3.48,5.59,1235.13,1.1,2.38,196.2
2009-02-06 08:00:00,970.0,0.04,275.59,-1.13,91.8,6.12,5.62,0.5,3.61,5.8,1234.17,0.64,2.0,111.0
2009-02-06 09:00:00,969.36,0.35,275.95,-1.12,89.8,6.26,5.63,0.64,3.62,5.8,1231.94,0.54,1.25,183.9
2009-02-06 10:00:00,969.25,1.63,277.26,-0.43,86.1,6.87,5.92,0.96,3.81,6.11,1225.9,1.27,2.75,29.09
2009-02-06 11:00:00,969.5,1.65,277.26,-0.24,87.2,6.89,6.0,0.88,3.86,6.19,1226.08,1.39,2.75,167.7
2009-02-06 12:00:00,969.19,2.79,278.43,0.53,85.0,7.47,6.35,1.12,4.08,6.55,1220.5,0.55,1.13,234.4
2009-02-06 13:00:00,968.35,6.3,282.04,1.42,70.9,9.55,6.77,2.78,4.36,6.99,1203.92,1.15,1.88,174.5
2009-02-06 14:00:00,967.7,8.96,284.78,1.66,60.1,11.46,6.89,4.57,4.44,7.12,1191.7,1.34,2.0,187.6
2009-02-06 15:00:00,966.76,8.55,284.45,1.84,62.59,11.15,6.98,4.17,4.5,7.22,1192.23,2.1,2.63,359.2
2009-02-06 16:00:00,966.49,7.62,283.53,1.74,66.23,10.46,6.93,3.53,4.47,7.17,1195.86,2.32,3.38,348.9
2009-02-06 17:00:00,966.57,6.94,282.83,1.65,68.97,9.98,6.89,3.1,4.44,7.12,1198.9,2.3,2.63,14.67
2009-02-06 18:00:00,966.43,5.62,281.51,1.46,74.5,9.11,6.79,2.32,4.38,7.03,1204.44,0.15,0.5,101.3
2009-02-06 19:00:00,966.2,4.77,280.67,0.64,74.5,8.59,6.4,2.19,4.13,6.62,1208.03,1.8,2.75,203.7
2009-02-06 20:00:00,965.91,3.8,279.72,0.09,76.6,8.02,6.15,1.88,3.97,6.36,1211.99,0.98,1.5,180.7
2009-02-06 21:00:00,965.36,2.1,278.05,-0.18,84.8,7.11,6.03,1.08,3.89,6.24,1218.86,1.22,2.75,31.99
2009-02-06 22:00:00,965.14,1.79,277.75,-0.65,83.8,6.95,5.83,1.13,3.76,6.04,1220.05,2.68,3.63,211.5
2009-02-06 23:00:00,964.36,1.08,277.1,-1.26,84.3,6.6,5.57,1.04,3.6,5.77,1222.35,0.51,1.25,213.6
2009-02-07 00:00:00,963.93,0.82,276.87,-1.79,82.6,6.48,5.35,1.13,3.46,5.55,1223.06,1.27,1.88,220.3
2009-02-07 01:00:00,963.24,-0.08,276.02,-2.19,85.6,6.07,5.2,0.87,3.36,5.4,1226.28,0.66,1.5,176.9
2009-02-07 02:00:00,962.96,0.03,276.16,-2.19,84.9,6.12,5.2,0.92,3.36,5.4,1225.42,0.85,2.13,171.0
2009-02-07 03:00:00,962.56,-0.91,275.24,-2.22,90.8,5.71,5.19,0.53,3.36,5.39,1229.15,0.14,0.63,180.9
2009-02-07 04:00:00,961.8,-1.36,274.84,-2.62,91.1,5.53,5.04,0.49,3.26,5.24,1230.29,0.48,0.75,201.2
2009-02-07 05:00:00,962.03,-2.0,274.18,-2.89,93.6,5.27,4.93,0.34,3.2,5.13,1233.54,0.36,1.0,153.7
2009-02-07 06:00:00,961.84,-2.26,273.93,-3.1,93.9,5.17,4.86,0.32,3.15,5.05,1234.5,0.82,1.88,173.5
2009-02-07 07:00:00,961.33,-1.89,274.34,-2.57,95.1,5.31,5.05,0.26,3.28,5.26,1232.09,0.58,1.0,172.9
2009-02-07 08:00:00,961.29,-1.87,274.37,-2.6,94.7,5.32,5.04,0.28,3.27,5.25,1231.92,0.34,1.0,278.8
2009-02-07 09:00:00,961.15,-1.36,274.9,-2.25,93.6,5.53,5.18,0.35,3.36,5.38,1229.37,0.92,1.5,176.5
2009-02-07 10:00:00,961.12,-0.74,275.53,-1.97,91.3,5.79,5.28,0.5,3.43,5.5,1226.47,0.94,2.0,168.8
2009-02-07 11:00:00,960.51,1.11,277.45,-1.1,85.1,6.62,5.63,0.99,3.66,5.87,1217.27,0.51,1.13,209.4
2009-02-07 12:00:00,960.63,2.63,278.97,-0.55,79.5,7.38,5.87,1.51,3.81,6.11,1210.62,0.64,1.63,358.1
2009-02-07 13:00:00,959.96,5.15,281.58,0.46,71.6,8.82,6.31,2.5,4.1,6.58,1198.62,1.37,2.0,4.76
2009-02-07 14:00:00,959.92,5.82,282.26,0.72,69.62,9.24,6.43,2.81,4.18,6.7,1195.61,0.72,1.88,180.5
2009-02-07 15:00:00,960.12,4.93,281.34,0.85,74.8,8.69,6.5,2.19,4.22,6.77,1199.67,1.89,3.0,323.8
2009-02-07 16:00:00,960.74,3.89,280.24,0.77,80.0,8.07,6.46,1.61,4.19,6.72,1204.96,1.58,2.5,258.3
2009-02-07 17:00:00,961.06,3.53,279.85,1.06,83.8,7.87,6.59,1.27,4.28,6.86,1206.88,0.8,1.38,30.23
2009-02-07 18:00:00,961.61,3.46,279.73,0.9,83.3,7.83,6.52,1.31,4.23,6.78,1207.92,1.5,2.5,247.8
2009-02-07 19:00:00,961.71,3.07,279.33,0.9,85.6,7.62,6.52,1.1,4.23,6.78,1209.73,0.94,1.5,231.6
2009-02-07 20:00:00,962.71,3.13,279.31,1.34,88.0,7.65,6.73,0.92,4.36,6.99,1210.63,0.91,2.13,224.5
2009-02-07 21:00:00,963.37,3.11,279.23,1.55,89.5,7.64,6.84,0.8,4.43,7.1,1211.52,2.36,4.13,249.2
2009-02-07 22:00:00,964.22,2.64,278.69,1.1,89.5,7.39,6.61,0.78,4.28,6.86,1214.73,3.26,5.63,260.7
2009-02-07 23:00:00,964.83,2.46,278.46,0.72,88.2,7.3,6.43,0.86,4.16,6.67,1216.39,3.49,4.88,260.0
2009-02-08 00:00:00,965.76,2.21,278.12,0.64,89.3,7.16,6.4,0.77,4.13,6.62,1218.71,1.98,3.75,255.4
2009-02-08 01:00:00,966.08,1.97,277.85,0.75,91.6,7.04,6.45,0.59,4.16,6.68,1220.15,2.45,4.38,247.5
2009-02-08 02:00:00,966.8,1.9,277.73,0.42,89.9,7.01,6.3,0.71,4.06,6.52,1221.44,3.32,5.0,269.7
2009-02-08 03:00:00,967.15,1.63,277.43,0.19,90.1,6.87,6.19,0.68,3.99,6.4,1223.13,2.38,4.63,254.1
2009-02-08 04:00:00,967.89,1.36,277.1,0.09,91.2,6.74,6.15,0.59,3.96,6.35,1225.28,2.61,5.5,253.6
2009-02-08 05:00:00,968.75,1.19,276.85,-0.23,90.2,6.66,6.01,0.65,3.87,6.2,1227.2,2.77,5.75,290.2
2009-02-08 06:00:00,969.82,0.92,276.5,-0.49,90.2,6.53,5.89,0.64,3.79,6.08,1229.81,1.54,3.75,290.7
2009-02-08 07:00:00,970.86,0.36,275.84,-2.3,82.2,6.27,5.15,1.12,3.31,5.31,1234.02,2.65,6.13,255.8
2009-02-08 08:00:00,971.92,0.1,275.49,-3.91,74.3,6.15,4.57,1.58,2.93,4.7,1236.85,1.32,3.13,349.6
2009-02-08 09:00:00,972.46,0.44,275.79,-3.85,72.8,6.3,4.59,1.71,2.94,4.72,1236.0,1.65,2.88,249.1
2009-02-08 10:00:00,973.27,0.96,276.25,-3.76,70.6,6.55,4.62,1.92,2.96,4.75,1234.66,1.93,3.63,266.7
2009-02-08 11:00:00,973.93,1.67,276.92,-4.33,64.2,6.89,4.43,2.47,2.83,4.54,1232.37,3.21,6.13,282.1
2009-02-08 12:00:00,974.6,2.17,277.36,-4.02,63.46,7.14,4.53,2.61,2.9,4.65,1230.95,3.0,7.75,271.5
2009-02-08 13:00:00,975.14,1.97,277.12,-3.49,67.0,7.04,4.72,2.32,3.01,4.84,1232.45,2.26,4.13,276.8
2009-02-08 14:00:00,975.35,2.07,277.2,-4.42,61.99,7.09,4.4,2.7,2.81,4.51,1232.4,2.8,4.88,280.5
2009-02-08 15:00:00,975.74,2.65,277.75,-4.34,59.86,7.39,4.43,2.97,2.83,4.54,1230.31,2.49,4.5,290.9
2009-02-08 16:00:00,976.29,3.03,278.09,-4.22,58.74,7.6,4.46,3.13,2.85,4.57,1229.27,1.75,3.38,273.9
2009-02-08 17:00:00,976.89,1.59,276.59,-4.45,64.0,6.85,4.39,2.47,2.8,4.49,1236.52,0.96,2.38,204.8
2009-02-08 18:00:00,977.66,0.97,275.91,-4.54,66.52,6.55,4.36,2.19,2.78,4.46,1240.31,0.76,1.25,180.2
2009-02-08 19:00:00,978.21,0.8,275.69,-4.63,66.82,6.47,4.33,2.15,2.76,4.42,1241.78,0.96,1.75,220.9
2009-02-08 20:00:00,978.76,0.21,275.05,-4.62,69.83,6.2,4.33,1.87,2.76,4.42,1245.17,1.45,2.5,227.1
2009-02-08 21:00:00,979.11,-0.58,274.23,-4.91,72.4,5.85,4.24,1.62,2.7,4.33,1249.28,1.39,2.38,195.2
2009-02-08 22:00:00,979.89,-0.81,273.94,-5.1,72.5,5.76,4.17,1.58,2.65,4.26,1251.33,1.12,1.75,166.6
2009-02-08 23:00:00,980.13,-1.34,273.39,-5.1,75.4,5.54,4.18,1.36,2.65,4.26,1254.08,0.9,1.63,180.9
2009-02-09 00:00:00,980.43,-2.34,272.35,-5.42,79.3,5.14,4.08,1.06,2.59,4.16,1259.17,1.45,2.25,190.4
2009-02-09 01:00:00,980.69,-2.82,271.85,-5.42,82.2,4.96,4.08,0.88,2.59,4.16,1261.74,1.24,2.63,173.3
2009-02-09 02:00:00,980.88,-2.98,271.68,-5.19,84.6,4.9,4.15,0.75,2.63,4.23,1262.67,1.07,1.88,193.0
2009-02-09 03:00:00,980.89,-2.61,272.05,-4.86,84.4,5.04,4.25,0.79,2.7,4.34,1260.91,1.0,1.5,218.0
2009-02-09 04:00:00,980.95,-2.7,271.95,-4.99,84.1,5.01,4.21,0.8,2.67,4.29,1261.44,0.91,1.75,185.9
2009-02-09 05:00:00,981.07,-2.41,272.24,-4.68,84.3,5.11,4.31,0.8,2.74,4.39,1260.19,0.67,1.13,186.8
2009-02-09 06:00:00,981.15,-2.19,272.45,-4.54,83.8,5.2,4.36,0.84,2.77,4.44,1259.26,0.57,1.0,109.7
2009-02-09 07:00:00,981.16,-0.86,273.78,-3.93,79.6,5.73,4.56,1.17,2.9,4.65,1253.03,3.0,4.63,202.8
2009-02-09 08:00:00,981.45,-0.82,273.8,-4.05,78.6,5.75,4.52,1.23,2.87,4.61,1253.22,2.23,3.25,173.6
2009-02-09 09:00:00,981.51,-0.04,274.58,-3.86,75.3,6.09,4.59,1.5,2.91,4.67,1249.68,4.6,6.38,210.6
2009-02-09 10:00:00,982.03,0.5,275.08,-3.83,72.6,6.34,4.6,1.74,2.92,4.68,1247.87,4.96,6.75,210.8
2009-02-09 11:00:00,981.88,1.49,276.09,-4.29,65.29,6.8,4.44,2.36,2.82,4.52,1243.28,6.31,8.88,209.7
2009-02-09 12:00:00,981.52,2.19,276.82,-4.45,61.35,7.15,4.39,2.76,2.79,4.47,1239.7,4.97,8.25,195.1
2009-02-09 13:00:00,980.94,2.3,276.98,-5.26,57.21,7.21,4.13,3.09,2.62,4.21,1238.57,6.37,8.5,202.3
2009-02-09 14:00:00,980.76,2.06,276.75,-5.25,58.22,7.09,4.13,2.96,2.62,4.21,1239.43,5.19,7.38,199.8
2009-02-09 15:00:00,980.21,3.01,277.75,-4.41,57.99,7.59,4.4,3.19,2.8,4.49,1234.34,5.89,8.5,180.8
2009-02-09 16:00:00,979.83,1.97,276.73,-4.9,60.23,7.04,4.24,2.8,2.7,4.33,1238.62,5.53,8.13,202.6
2009-02-09 17:00:00,979.49,1.86,276.65,-4.89,60.76,6.99,4.24,2.74,2.7,4.33,1238.68,7.35,10.25,209.5
2009-02-09 18:00:00,979.18,0.87,275.68,-4.42,67.59,6.51,4.4,2.11,2.8,4.49,1242.68,6.2,7.75,209.7
2009-02-09 19:00:00,978.93,0.14,274.97,-4.2,72.5,6.17,4.47,1.7,2.85,4.57,1245.65,2.98,3.75,172.3
2009-02-09 20:00:00,978.09,-0.34,274.55,-4.31,74.4,5.96,4.43,1.53,2.82,4.53,1246.77,2.04,2.75,188.6
2009-02-09 21:00:00,977.07,-0.57,274.4,-4.19,76.4,5.86,4.48,1.38,2.85,4.58,1246.5,2.38,3.0,190.8
2009-02-09 22:00:00,976.14,-0.44,274.61,-4.04,76.5,5.92,4.53,1.39,2.89,4.64,1244.68,1.45,2.38,176.4
2009-02-09 23:00:00,974.7,-0.38,274.79,-3.86,77.2,5.94,4.59,1.35,2.93,4.71,1242.53,2.51,3.25,196.5
2009-02-10 00:00:00,973.46,-0.13,275.14,-3.57,77.5,6.05,4.69,1.36,3.0,4.82,1239.77,2.91,3.75,193.4
2009-02-10 01:00:00,972.28,-0.57,274.79,-1.96,90.3,5.86,5.29,0.57,3.39,5.44,1240.0,2.25,3.63,203.4
2009-02-10 02:00:00,970.86,-0.23,275.25,-1.1,93.8,6.01,5.63,0.37,3.62,5.8,1236.47,3.45,5.13,182.9
2009-02-10 03:00:00,969.6,-0.83,274.75,-1.38,96.0,5.75,5.52,0.23,3.55,5.69,1237.61,3.83,5.13,175.7
2009-02-10 04:00:00,967.7,-0.85,274.88,-1.19,97.5,5.74,5.6,0.14,3.61,5.78,1235.23,3.8,6.13,172.0
2009-02-10 05:00:00,966.63,0.01,275.83,-0.24,98.2,6.11,6.0,0.11,3.87,6.21,1229.83,3.22,5.0,189.5
2009-02-10 06:00:00,965.52,1.1,277.02,0.45,95.4,6.61,6.31,0.3,4.08,6.54,1223.37,3.23,4.13,179.8
2009-02-10 07:00:00,964.47,2.03,278.06,1.31,94.9,7.08,6.71,0.36,4.34,6.96,1217.68,3.43,6.5,199.9
2009-02-10 08:00:00,963.18,2.5,278.63,1.61,93.8,7.32,6.86,0.45,4.44,7.12,1213.92,3.55,6.63,194.7
2009-02-10 09:00:00,962.0,3.2,279.44,1.88,91.0,7.69,7.0,0.69,4.54,7.27,1209.3,3.81,5.63,177.8
2009-02-10 10:00:00,960.96,4.37,280.71,2.74,89.1,8.35,7.44,0.91,4.83,7.74,1202.69,2.84,4.38,163.2
2009-02-10 11:00:00,959.98,6.04,282.48,3.15,81.6,9.39,7.66,1.73,4.98,7.98,1194.15,6.15,10.88,190.0
2009-02-10 12:00:00,959.18,6.54,283.05,3.04,78.3,9.71,7.6,2.11,4.95,7.93,1191.08,7.64,10.88,190.6
2009-02-10 13:00:00,958.96,7.06,283.6,2.62,73.3,10.07,7.38,2.69,4.8,7.7,1188.68,7.27,10.88,198.2
2009-02-10 14:00:00,959.22,6.32,282.83,1.22,69.75,9.57,6.68,2.89,4.34,6.96,1192.47,11.73,16.75,207.4
2009-02-10 15:00:00,959.87,5.13,281.57,0.5,71.9,8.81,6.33,2.48,4.12,6.6,1198.55,9.73,16.88,215.0
2009-02-10 16:00:00,960.29,4.06,280.45,-0.1,74.2,8.17,6.06,2.11,3.94,6.31,1203.84,8.73,13.0,217.2
2009-02-10 17:00:00,960.91,3.23,279.56,-0.31,77.5,7.71,5.97,1.73,3.88,6.22,1208.27,7.43,10.5,217.8
2009-02-10 18:00:00,961.71,2.27,278.52,-0.19,83.7,7.2,6.02,1.17,3.9,6.26,1213.48,4.69,8.25,211.1
2009-02-10 19:00:00,962.34,2.13,278.33,-0.36,83.5,7.12,5.95,1.18,3.85,6.18,1214.94,4.7,6.88,217.3
2009-02-10 20:00:00,963.46,1.87,277.97,-0.33,85.3,6.99,5.96,1.03,3.86,6.19,1217.5,2.3,4.25,237.8
2009-02-10 21:00:00,964.79,1.91,277.9,-0.88,81.7,7.01,5.73,1.28,3.7,5.94,1219.12,4.81,7.63,242.6
2009-02-10 22:00:00,966.15,1.16,277.04,-1.72,81.0,6.65,5.38,1.26,3.47,5.57,1224.32,4.43,7.5,260.6
2009-02-10 23:00:00,967.17,0.7,276.49,-2.32,80.1,6.43,5.15,1.28,3.32,5.32,1227.79,4.4,8.5,255.5
2009-02-11 00:00:00,969.3,0.67,276.28,-2.48,79.3,6.41,5.09,1.33,3.27,5.25,1230.67,3.0,5.63,263.1
2009-02-11 01:00:00,970.37,0.39,275.91,-2.44,81.2,6.28,5.1,1.18,3.28,5.26,1233.3,3.53,6.0,247.6
2009-02-11 02:00:00,971.78,0.01,275.42,-2.13,85.4,6.11,5.22,0.89,3.35,5.37,1236.74,3.94,6.75,266.8
2009-02-11 03:00:00,972.93,-0.57,274.74,-1.76,91.6,5.86,5.37,0.49,3.44,5.52,1240.78,3.11,6.25,258.8
2009-02-11 04:00:00,974.18,-0.42,274.79,-1.72,90.9,5.92,5.38,0.54,3.44,5.53,1241.69,4.08,6.75,262.4
2009-02-11 05:00:00,975.34,-0.77,274.34,-1.83,92.5,5.77,5.34,0.43,3.41,5.47,1244.79,3.11,5.13,258.0
2009-02-11 06:00:00,976.16,-0.64,274.41,-2.02,90.3,5.83,5.26,0.57,3.36,5.39,1245.26,3.13,6.63,275.3
2009-02-11 07:00:00,977.02,-0.47,274.51,-2.44,86.5,5.9,5.1,0.8,3.26,5.22,1245.68,3.45,7.0,264.9
2009-02-11 08:00:00,977.8,-0.17,274.75,-3.17,80.1,6.03,4.83,1.2,3.08,4.94,1245.43,3.83,8.63,264.6
2009-02-11 09:00:00,978.96,0.03,274.86,-3.54,76.8,6.12,4.7,1.42,2.99,4.8,1246.07,2.63,6.25,289.2
2009-02-11 10:00:00,979.9,0.25,275.0,-3.14,77.9,6.22,4.84,1.37,3.08,4.94,1246.21,2.58,5.88,285.9
2009-02-11 11:00:00,980.76,0.61,275.3,-2.75,78.1,6.39,4.99,1.4,3.17,5.09,1245.57,3.29,6.25,275.6
2009-02-11 12:00:00,981.27,1.38,276.03,-3.59,69.34,6.75,4.68,2.07,2.97,4.77,1242.87,3.33,7.5,274.7
2009-02-11 13:00:00,981.7,0.93,275.54,-2.32,78.8,6.54,5.15,1.39,3.27,5.25,1245.23,3.82,6.75,271.2
2009-02-11 14:00:00,982.25,1.55,276.12,-3.08,71.2,6.83,4.87,1.97,3.09,4.95,1243.27,3.99,7.5,278.9
2009-02-11 15:00:00,982.65,1.45,275.99,-3.19,71.1,6.78,4.82,1.96,3.06,4.91,1244.25,3.13,5.38,282.4
2009-02-11 16:00:00,982.91,2.07,276.59,-4.93,59.62,7.09,4.23,2.86,2.68,4.3,1242.05,3.17,7.75,273.9
